ticker,composite_score,sustainability_score,extension_score,is_safe,pct_above_sma9,longest_run_days,positive_months,sma21_crosses,gain_last_1wk,gain_last_1mo,gain_last_3mo,gain_last_12mo,recency_ratio,extension_from_sma29_pct,regime,days_in_regime,current_price,dist_from_sma9_pct,dist_from_sma21_pct,dist_from_sma29_pct
WDC,1.0546,1.0,0.8024,False,0.7658730158730159,31,11,8,0.3454438965406488,0.5623738481790259,1.2469630517779953,11.158613624722554,0.8912020487535837,0.3462218409521437,TRENDING,4,712.13,23.600062483005207,30.402629201647713,34.62218409521437
ERAS,1.0425,1.0,0.9484,False,0.7301587301587301,45,11,10,-0.0021413276231262435,0.35465116279069764,-0.08387942332896459,9.204379562043796,0.5905170896456422,0.15441783649876145,TRENDING,1,13.98,3.581131143492228,9.332638164754968,15.441783649876145
TERN,1.0417,1.0,1.0,False,0.7222222222222222,40,11,5,0.0,0.006080182405472145,0.39415481832543464,16.650000000000002,0.004021768277822827,0.0027885167964056094,TRENDING,19,52.95,0.016790144185365816,0.21630390698930574,0.27885167964056096
CIEN,1.0327,1.0,1.0,False,0.7103174603174603,22,11,10,-0.019091685009658188,-0.19412459403602,0.058509864753502505,4.9458134785568415,-0.3415871080776993,-0.18288935384742427,BREAKDOWN,10,436.72,-2.963090976422655,-16.668907941746223,-18.288935384742427
AIS,1.0286,0.9475,1.0,True,0.7301587301587301,32,10,12,0.04813746065057711,0.22261321909424714,0.7698781838316722,1.9973743435858964,1.5553850043023045,0.08731290761507038,TRENDING,4,79.91,5.716595619579593,5.845732703430627,8.731290761507038
SNDK,1.0235,1.0,0.9076,False,0.7103174603174603,26,10,5,0.04107870805895253,0.41604435801603423,1.537009934075043,43.42730777954184,0.15596077261821942,0.2018393228678508,TRENDING,5,1958.8,7.4236590170807135,14.924885668250884,20.18393228678508
AXTI,1.0208,1.0,1.0,False,0.6944444444444444,29,10,9,0.04267602445098473,-0.18400070871722185,0.5856429678085728,46.235897435897435,-0.03789749052503406,-0.15243637378990418,TRENDING,1,92.11,0.4982542915332948,-12.535608670880919,-15.24363737899042
FTXL,1.0208,1.0,1.0,True,0.7023809523809523,31,10,14,0.02567890012498597,0.17840825029372098,0.7635451940609534,1.9759340659340658,1.2008247615923524,0.06781776575826917,TRENDING,5,270.81,3.3932889322530047,4.470721796445026,6.7817765758269175
VIAV,1.0208,1.0,1.0,False,0.6944444444444444,24,9,14,-0.03005573248407656,-0.011160714285714413,0.42277372262773705,4.268108108108108,-0.02735238582697517,-0.03893445410154924,BREAKDOWN,1,48.73,-1.6967767965212714,-2.7169624777785364,-3.893445410154924
POWL,1.0179,1.0,1.0,False,0.6904761904761905,31,10,11,0.012151462994836493,0.12405382674516408,0.6789242277165533,3.8761194029850747,0.38607303083083006,0.011091703988815748,TRENDING,5,294.03,1.786270640772655,2.387640449438188,1.1091703988815749
EWY,1.0149,1.0,1.0,True,0.6865079365079365,29,8,11,0.030863576957876893,0.17848523158257668,0.5211392968402315,2.0778928410625848,1.120016821880079,0.0626875059188886,TRENDING,5,205.08,5.9443449510951885,4.427654167717422,6.2687505918888595
TSEM,1.0149,1.0,1.0,False,0.6865079365079365,35,11,12,0.034024928388944886,0.0630770455269023,0.6084417148362233,5.856519507186858,0.12667692600507813,0.03859833996302382,TRENDING,5,267.13,5.31118041806107,1.7245037291713066,3.8598339963023824
BTSG,1.0119,1.0,1.0,True,0.6825396825396826,28,11,8,0.02140139505390004,0.13593088857545843,0.46465105705842236,2.0177985948477755,0.8586513490847242,0.08804672532566234,TRENDING,7,64.43,4.07416048961719,6.541989842119772,8.804672532566233
ENLT,1.0119,1.0,1.0,False,0.6825396825396826,21,11,15,-0.14511677282377922,-0.05724654647623506,0.048021863612701665,3.09821882951654,-0.19009918377727053,-0.1404347570042549,BREAKDOWN,2,80.53,-12.521273128869904,-15.606800840373872,-14.043475700425489
NESR,1.0119,1.0,1.0,True,0.6825396825396826,28,9,10,-0.033789219629927536,-0.05470287288469111,0.14055080721747393,2.8309409888357258,-0.18485608033715079,-0.0440391398026541,BREAKDOWN,1,24.02,-3.080026899798246,-4.069833783423971,-4.40391398026541
AXGN,1.0089,1.0,1.0,False,0.6785714285714286,21,10,13,0.05217186024551457,0.0440384164909815,0.4303594351732991,3.6768100734522564,0.1379379054433476,0.07093262188048938,TRENDING,11,44.57,4.043678995694345,6.900805208154874,7.0932621880489375
BELFB,1.0089,1.0,1.0,True,0.6785714285714286,17,10,10,0.011094250547968088,0.20075287333306613,0.39492905326820194,2.4326273611906126,1.0684335936217293,0.07899076660391928,TRENDING,8,299.84,4.58278268890171,8.212932330827066,7.899076660391928
COHR,1.0089,1.0,1.0,False,0.6785714285714286,32,10,15,0.04199900984652638,0.07131747872069694,0.37478680553035537,3.749279177635703,0.21443285549336644,0.0012813747711342745,DIP,2,378.85,-0.11980994451831484,-0.6823535580131611,0.12813747711342746
FIX,1.0089,1.0,1.0,True,0.6785714285714286,31,9,13,0.04792722222824963,0.058214187893727676,0.337235220822373,2.8996507660940307,0.22440877771563106,0.021764228668396692,TRENDING,5,1931.77,3.698965213050153,4.124645150692255,2.176422866839669
STX,1.0056,1.0,0.8779,False,0.6904761904761905,31,10,13,0.2280639104240343,0.4536987795731915,1.4529912563276572,7.146022770688468,1.0460714804003155,0.23907027336390257,TRENDING,4,1066.07,15.575950602174526,20.35834173804398,23.907027336390257
GLW,1.003,1.0,1.0,True,0.6706349206349206,34,9,15,-0.006513735485698113,-0.0024455439913553256,0.3180042079951908,2.4746434231378767,-0.010162649394562791,-0.06376023603858634,BREAKDOWN,2,175.4,-1.563903023046989,-4.89272868581344,-6.376023603858634
PSI,1.0005,1.0,1.0,True,0.6706349206349206,31,9,13,0.027484662576687136,0.17086129753914991,0.7228680176936528,1.9901803249419747,1.1306993582980829,0.07729024988577021,TRENDING,5,167.48,4.748469412574085,6.2006866501798035,7.729024988577021
SOXL,0.9995,1.0,0.9651,False,0.6706349206349206,31,9,14,0.044064467163712706,0.5396668641780238,3.263628076572471,9.917833800186742,0.9583235222474227,0.1361479853381672,TRENDING,4,233.86,6.973718316874448,6.973795987714827,13.61479853381672
PVLA,0.997,1.0,1.0,False,0.6626984126984127,23,8,11,0.05875164504606123,0.0314102564102563,-0.011236941445000426,4.302730696798494,0.08518861273009994,-0.006146412412101757,TRENDING,4,112.63,3.973618618772628,0.8536548965764258,-0.6146412412101757
EFXT,0.9967,1.0,1.0,True,0.6626984126984127,23,9,8,-0.011254689453939148,-0.15557137771448915,0.09662505779010644,1.9987357774968393,-0.6409186308273966,-0.08799469671859461,BREAKDOWN,9,23.72,-1.785057048214957,-6.70687168729983,-8.79946967185946
CECO,0.9953,1.0,0.9827,True,0.6626984126984127,17,9,10,-0.02022611762265325,0.20607763023493364,0.6359542777970211,2.1697986577181205,1.2765457347407545,0.1176326590562296,TRENDING,8,94.46,3.491344678986196,10.42356700307835,11.76326590562296
BE,0.994,1.0,1.0,False,0.6587301587301587,31,8,14,0.14509000321440046,0.0904951404300911,0.7097006419101326,12.35473289597001,0.08861613410023464,0.026304874777719235,TRENDING,3,284.99,8.660066342157787,2.4657707802224733,2.6304874777719234
MNMD,0.994,1.0,1.0,True,0.6587301587301587,20,9,14,-0.026690391459074814,0.062135922330097015,0.2962085308056872,2.424100156494523,0.330550748176594,0.05021682280115176,PULLBACK,5,21.88,-1.7659383418138175,0.2793539938891239,5.021682280115176
TER,0.994,1.0,1.0,False,0.6587301587301587,26,11,12,0.07121132669113805,0.27071410798706164,0.35105820105820107,3.7270623626055768,1.0542697350379868,0.09904772152579758,TRENDING,5,408.56,5.530459140037994,7.750328723047538,9.904772152579758
ASX,0.9911,1.0,1.0,True,0.6547619047619048,32,8,12,0.01739130434782621,0.21204273227581738,0.7095890410958905,2.627906976744186,1.0714834930448334,0.0412966337393304,TRENDING,4,37.44,3.162599883660406,2.1927031207351306,4.12966337393304
FLKR,0.9908,1.0,1.0,True,0.6746031746031746,29,9,13,0.04411074612857813,0.1860341151385927,0.5285092741012136,1.939233817701453,1.2608675515767727,0.07141078080288693,TRENDING,5,66.75,7.041676318087053,5.4097953843030195,7.141078080288693
MU,0.9893,1.0,0.9224,False,0.6626984126984127,31,9,11,0.04751624207978966,0.4929587543292213,1.3480991289080966,7.668688715306631,1.1359796932716488,0.18407537061419654,TRENDING,5,1043.19,7.048987056580722,11.723102830486491,18.407537061419653
DFTX,0.9881,1.0,1.0,True,0.6507936507936508,20,10,15,0.01327250103691413,0.2202797202797202,0.30921757770632374,2.6408345752608047,1.1206737032310328,0.07047126905700855,TRENDING,5,24.43,2.7525937003458236,4.873362088350124,7.047126905700872
LITE,0.9881,1.0,1.0,False,0.6507936507936508,29,11,14,-0.022043862903135203,-0.02259322091024507,0.1267273645629623,9.075043427909671,-0.026555394199803965,-0.05483010527104481,BREAKDOWN,2,869.98,-1.4845598976321794,-3.658224043283606,-5.483010527104481
ARWR,0.9851,1.0,1.0,False,0.6468253968253969,44,9,14,0.08910092729471852,0.10740639518994266,0.4227528089887642,4.228387096774194,0.30442673726016495,0.06851681776436036,TRENDING,5,81.04,8.104582913381154,7.449569087981815,6.8516817764360365
BELFA,0.9851,1.0,1.0,True,0.6468253968253969,17,9,11,0.016102505259131927,0.18460715241237868,0.3294300155131862,2.3307422266800404,0.9906016212519148,0.06795917320613443,TRENDING,8,265.66,4.497298998269274,7.253593152823385,6.795917320613443
GTX,0.9851,1.0,1.0,True,0.6468253968253969,29,9,15,0.010778443113772518,0.13060951105157392,0.9402298850574713,2.3065621939275216,0.6888970692948546,0.05675366448632413,TRENDING,5,33.76,1.8025866112711737,3.1754809791308776,5.675366448632413
SPHR,0.9851,1.0,1.0,True,0.6468253968253969,24,10,14,0.010479538369702057,0.12576664449863273,0.34966335931963144,2.989264205289343,0.5108077923273473,0.09537740643865676,TRENDING,6,152.35,3.6183091886009615,8.008061739148058,9.537740643865677
VPG,0.9843,1.0,0.932,False,0.6547619047619048,25,8,10,-0.0582215949188426,0.36242981112812633,2.0826980826980823,4.196651090342678,1.2431476131017636,0.17291302977402764,TRENDING,5,133.45,1.6529555149299113,7.15965448281399,17.291302977402765
DOCN,0.9821,1.0,1.0,False,0.6428571428571429,21,11,13,0.01751072961373401,0.1852419677376349,1.083304042179262,5.370834826227159,0.46391296291569456,0.08402497477295677,TRENDING,3,177.81,2.7499903689340344,6.561171199452078,8.402497477295677
TYRA,0.9821,1.0,1.0,True,0.6428571428571429,21,9,10,0.13687915526007033,-0.13943161634103018,-0.2386066003143007,2.0312825860271118,-0.5422560528449976,-0.06855747558226896,TRENDING,4,29.07,7.604672205313802,-2.102376599634373,-6.855747558226896
MKSI,0.9808,1.0,0.957,False,0.6468253968253969,21,10,12,0.07511873045291328,0.2626173309753774,0.5674899725564704,3.034996196065645,1.2431423198023361,0.14494176147994867,TRENDING,5,371.26,9.02772566051158,12.533071599200369,14.494176147994867
ASYS,0.9792,1.0,1.0,False,0.6388888888888888,23,8,8,-0.05353982300884963,0.08744280630401624,0.8487467588591184,4.105011933174224,0.2473920374290008,0.01240391049599317,TRENDING,5,21.39,1.8194319564182544,0.9188946304201279,1.2403910495993171
RLAY,0.9763,1.0,0.971,False,0.6388888888888888,26,10,11,0.0926966292134832,0.2891466445733224,0.556,4.084967320261438,1.0379749649487056,0.1299078525641026,TRENDING,4,15.56,8.239295099706293,9.64732727089696,12.990785256410259
SLGL,0.9762,1.0,1.0,False,0.6349206349206349,44,7,11,-0.06560424966799461,0.11135681566893063,-0.1389058866723779,9.051428571428572,0.13803082431596359,-0.0260243632336655,BREAKDOWN,4,70.36,-5.976332239528435,-3.715047211922552,-2.60243632336655
VSAT,0.9762,1.0,1.0,False,0.6349206349206349,16,9,14,-0.11222665383028463,-0.09020436927413678,0.2384881043745204,3.905015197568389,-0.21833319671954804,-0.0974160916880023,BREAKDOWN,3,64.55,-2.172265723667598,-10.090933812653809,-9.741609168800231
SIMO,0.976,1.0,0.968,False,0.6388888888888888,32,10,13,0.11948676824378524,0.2142970109125415,1.4087843137254903,3.4894021341909083,0.9015265047052193,0.13304480794233578,TRENDING,4,307.12,12.618716819387462,11.004745160607447,13.304480794233555
ANAB,0.9732,1.0,1.0,True,0.6309523809523809,29,9,10,0.04664454277286145,-0.050192404216162,0.3156431054461184,2.5749370277078087,-0.1965531974604585,-0.021003181399220902,TRENDING,6,56.77,4.343830412939597,2.3242839608957335,-2.1003181399221025
PL,0.9732,1.0,1.0,False,0.6309523809523809,39,9,12,-0.17412935323383094,-0.32147150757393617,0.04673590504451042,4.533333333333333,-0.48648678414118357,-0.2924383116321697,BREAKDOWN,11,28.22,-9.026434558349454,-28.84091209279427,-29.24383116321697
LQDA,0.9728,1.0,0.9663,False,0.6349206349206349,28,10,11,-0.04160268044115578,0.14454818272757608,0.8375267665952892,4.051508462104489,0.4815277100549605,0.13487892192630435,TRENDING,10,68.65,1.8999554697936782,8.464872022510793,13.487892192630435
AMD,0.9673,1.0,1.0,False,0.623015873015873,31,6,11,0.04919643771112714,0.23772491245018723,1.4966142154235884,3.0321007081038553,1.0795534496480887,0.07132780630358203,TRENDING,4,512.48,3.608758061581389,3.8669447497975713,7.132780630358202
LASR,0.9673,1.0,1.0,True,0.623015873015873,13,11,15,-0.08035332668471296,-0.07108936537631316,-0.08930586907449212,2.4081309398099258,-0.2744084749617605,-0.11964577964220549,BREAKDOWN,2,64.55,-3.0279256872923868,-10.187436643234324,-11.964577964220549
MUU,0.9669,1.0,0.8471,False,0.6428571428571429,29,9,14,0.07869365268342787,0.9832610841667022,3.297818908989443,38.51090209491235,0.5995532779730885,0.2804604961092607,TRENDING,3,924.16,12.164414596650218,16.614720690481892,28.046049610926072
MULL,0.9644,1.0,0.8524,False,0.6388888888888888,29,9,14,0.0761598283722178,0.9812881088153251,3.2349092444069223,37.73552123552124,0.6066883795250034,0.27314945232267146,TRENDING,3,802.6,11.694059033914577,16.02385653039477,27.314945232267146
IREN,0.9643,1.0,1.0,False,0.6190476190476191,40,7,15,0.024687004055722106,0.21721826560536228,0.39486317810849747,4.947799385875128,0.5589516267232443,-0.002993639994083738,TRENDING,4,58.11,1.8084485108039865,-1.8664758106021577,-0.29936399940837377
CHPS,0.9635,0.8611,1.0,True,0.6904761904761905,31,9,11,0.029666385135135087,0.23440070877104158,0.7623780267437656,1.9771062271062272,1.6613426156435132,0.0940115730354463,TRENDING,5,97.53,4.604769225269032,6.598485439925065,9.40115730354463
ASCUF,0.9613,1.0,1.0,False,0.6150793650793651,17,9,9,0.06416275430359941,0.18260869565217397,0.5144766146993318,3.473684210526316,0.6804281938189402,0.04988553479209914,TRENDING,4,6.8,4.920281158923355,3.328509406657021,4.988553479209914
RVMD,0.9613,1.0,1.0,False,0.6150793650793651,55,11,11,0.05722709910875845,0.07107942973523418,0.5889817705710545,3.030914665304037,0.279384908241607,0.04407385348421697,TRENDING,4,157.77,3.722506702119114,2.9395133227281787,4.4073853484216965
WGMI,0.9613,1.0,1.0,True,0.6150793650793651,20,8,11,0.07540675844806,0.253236098450319,0.7580562659846546,2.679871520342612,1.3368072156972304,0.08296074969441794,TRENDING,4,68.74,5.438432040903275,4.925968730238331,8.296074969441793
BW,0.9583,1.0,1.0,False,0.6111111111111112,25,10,12,0.08196721311475419,-0.12404287901990807,0.0950861518825783,16.601805313365475,-0.06898662191975737,-0.04562453253552717,TRENDING,3,17.16,6.930693069306929,-2.820775578447768,-4.562453253552736
HUT,0.9554,1.0,1.0,False,0.6071428571428571,15,8,13,0.022096122431433107,0.2740327939127638,1.3709613083366574,5.997057092407299,0.6316561874218375,0.05233725878036414,TRENDING,3,118.88,2.2985428538646677,1.8738574040219385,5.233725878036414
ANRO,0.9524,1.0,1.0,False,0.6031746031746031,27,9,13,0.016798880074661682,0.0655256723716382,-0.01134301270417426,8.771300448430493,0.08111634662489516,0.025711363968380176,TRENDING,7,21.79,6.471578261577723,7.073661549981279,2.5711363968380176
FORM,0.9524,1.0,1.0,False,0.6031746031746031,23,9,13,0.07455466830466806,0.1941126279863481,0.47160883280757093,3.163939303778637,0.8201092219126533,0.07562261310661199,TRENDING,5,139.95,6.775910886556699,9.001390820584138,7.562261310661198
PRAX,0.9524,1.0,1.0,False,0.6031746031746031,18,7,14,0.08883780950076625,-0.1578241477184118,-0.09240336134453786,5.212839392544868,-0.2676929268848956,-0.11979356944773879,TRENDING,4,270.01,5.445196563394948,-8.57729285945771,-11.979356944773862
STRL,0.9524,1.0,1.0,True,0.6031746031746031,16,8,15,-0.00040546180907508056,0.15092888821760564,0.941289545601927,2.7866371521503432,0.6405334411637778,0.0014245982554646573,PULLBACK,7,838.21,-1.3448885994405528,0.38523261662768127,0.14245982554646572
ROIV,0.9521,1.0,1.0,True,0.6666666666666666,57,10,15,0.04944500504540872,0.10599078341013812,0.1223021582733812,1.8082808280828084,0.6940876771935087,0.05968331303288668,TRENDING,5,31.2,5.5877265548619945,5.322381005963785,5.968331303288668
TVTX,0.9485,1.0,0.9312,False,0.6071428571428571,19,9,10,0.10693109793498268,0.28111689540937057,0.9531024531024532,2.8424414478353444,1.4355997093729582,0.17387663551401872,TRENDING,10,54.14,8.16702555109109,14.638622247317901,17.38766355140187
AEIS,0.9473,1.0,1.0,True,0.6507936507936508,16,9,12,0.03795534665099898,0.16668868049134855,0.07785234899328852,1.8370001605909745,1.152023923754779,0.07720078427662062,TRENDING,7,353.32,6.352991541607997,9.240923606499926,7.720078427662044
NWPX,0.9337,0.8807,0.9329,False,0.6428571428571429,23,10,14,0.0748336170871382,0.2956156716417908,0.9408887646730015,2.597254597254597,1.6354783742382477,0.17196179014842242,TRENDING,8,138.89,9.189297787405765,14.797773859378422,17.19617901484224
HBM,0.9301,1.0,1.0,True,0.623015873015873,29,9,10,0.057432432432432456,0.17570951585976635,0.5104557640750673,1.8512145748987852,1.2346516528072649,0.04832728066010501,TRENDING,4,28.17,4.539831766452263,3.1436342713672913,4.832728066010501
ALB,0.9297,1.0,1.0,True,0.6428571428571429,19,9,10,0.04715201810637493,-0.014437869822485183,0.020213156927600284,1.790417155302396,-0.0773126564070854,-0.04622894107054007,TRENDING,4,166.56,4.365261706838215,-0.030295928341537354,-4.622894107054007
CAT,0.9211,1.0,1.0,True,0.6706349206349206,23,7,10,0.06493766919554833,0.11134104516654064,0.38810716619472885,1.6725564750615072,0.8028908222189918,0.060364434196746156,TRENDING,4,955.92,4.481139236048259,6.007544085053914,6.036443419674602
LUNMF,0.9147,1.0,1.0,True,0.6507936507936508,28,9,9,0.03750000000000009,0.003664345914254463,0.21787461093819482,1.706521739130435,0.02174016090937616,-0.03594965591737171,TRENDING,3,27.39,0.6574111882400963,-3.370012599748002,-3.594965591737171
MTSI,0.9104,1.0,1.0,True,0.6111111111111112,18,7,14,-0.020413064361191058,0.02264750125355164,0.6349425492117218,1.8083690330477356,0.1357400841756255,-0.014384945892124945,TRENDING,5,367.11,0.26644735843846157,-2.0619643732802255,-1.4384945892124945
INDV,0.9089,1.0,1.0,True,0.626984126984127,31,7,9,-0.00524521374246012,0.025412273587456014,0.24360655737704917,1.7545388525780683,0.15850297019489482,0.012304435854960227,PULLBACK,1,37.93,-0.27460489030411583,2.0015366884364254,1.2304435854960418
TTI,0.8985,1.0,1.0,True,0.6507936507936508,41,9,7,-0.026794258373205704,-0.014534883720930258,0.24785276073619622,1.6415584415584417,-0.08726906154127687,-0.007938376669245658,TRENDING,6,10.17,0.9151047409040814,-0.6142677649029853,-0.7938376669245658
LRCX,0.8981,0.703,0.9312,False,0.6785714285714286,24,9,14,0.032163742690058506,0.3687175360304338,0.5991281678704219,3.0382041873516084,1.9224207758983203,0.17385486294486538,TRENDING,5,374.18,7.301670245916809,13.535983447383032,17.385486294486537
VRT,0.8981,1.0,1.0,True,0.623015873015873,18,7,10,0.06613401369679073,-0.01565260515141187,0.1798491659546011,1.7234370980190379,-0.085094299331365,-0.025347802068715987,TRENDING,1,317.58,5.803571428571415,1.3950758808164867,-2.5347802068715986
NGD,0.896,1.0,1.0,True,0.6190476190476191,30,10,11,-0.12015503875968991,-0.2569558101472995,0.08742514970059889,1.7267267267267266,-1.0532649223611092,-0.19429630815014634,BREAKDOWN,14,9.08,-10.746953633632184,-19.703507686658387,-19.429630815014633
RCUS,0.8955,1.0,1.0,True,0.6031746031746031,27,7,14,0.03519313304721039,0.06021978021978036,0.07534551939366918,1.7724137931034485,0.3680802814736527,0.0011880054390609623,TRENDING,4,24.12,2.7743584887794817,0.9768350544236714,0.118800543906111
AXSM,0.8854,1.0,1.0,True,0.6865079365079365,27,10,14,-0.0063443275406864785,0.11245422861428511,0.5871097683786506,1.4818897637795279,0.9175245729129559,0.07428709102581622,TRENDING,9,252.16,1.9583529887458726,5.776882880291481,7.428709102581623
SQM,0.8832,1.0,1.0,True,0.6507936507936508,18,8,13,0.031700646444554836,0.03157240522063387,0.11157246182694891,1.580534825870647,0.2066904168736479,0.000910784688835924,TRENDING,5,82.99,4.900143254402964,3.2372907460281763,0.0910784688835924
ECG,0.8775,1.0,1.0,True,0.6428571428571429,18,10,15,0.07349154429674987,0.05462874333378931,0.3126542421921539,1.5815899581589958,0.3768636443478761,0.013515044408192945,TRENDING,4,154.25,3.4918481299528135,3.1092733887833126,1.3515044408192944
LITP,0.8682,1.0,1.0,True,0.6111111111111112,21,8,15,0.026629292221443723,-0.030443414956982107,0.2683982683982684,1.6396396396396398,-0.1780154669914044,-0.06338183421516742,TRENDING,4,14.65,3.007812500000008,-2.900517611412703,-6.338183421516754
NVT,0.8679,1.0,1.0,True,0.6746031746031746,16,9,12,0.03902261123267681,0.08032610756493708,0.3945178658835047,1.4479450093083202,0.6261424702521188,0.02111329911262336,TRENDING,3,170.94,3.6069769008013868,2.6408339957339493,2.1113299112623536
MTRN,0.8672,0.5514,0.9149,False,0.7103174603174603,19,10,11,0.07280487804878066,0.36036082474226827,0.9488258750553835,2.396525096525097,2.3134094722520167,0.1929678805128893,TRENDING,5,263.91,9.588074080225896,15.72921321567137,19.296788051288928
SOXQ,0.8667,0.8607,1.0,True,0.6944444444444444,31,10,14,0.023432979749276717,0.19207008873413445,0.7139857881136951,1.5784742468415938,1.66186970882033,0.07448279232794085,TRENDING,5,106.13,3.3409427776996217,4.7921535068952945,7.44827923279407
SOXX,0.8666,0.8038,1.0,True,0.6944444444444444,31,10,14,0.02180839282367586,0.20733180335789347,0.7628747795414463,1.6579063995745438,1.744128559752591,0.08102109250931559,TRENDING,5,599.73,3.4518646010422587,5.263892522313878,8.102109250931559
SMH,0.8642,1.0,1.0,True,0.6904761904761905,31,10,14,0.02382476002953471,0.14708802117802766,0.5799908842297175,1.3852976031193855,1.3507298509072998,0.058292520595470396,TRENDING,5,623.97,3.1118659628184533,3.9874072686756095,5.82925205954704
SHOC,0.8631,1.0,1.0,True,0.7023809523809523,31,9,13,0.024828314844162813,0.14084092913848867,0.5676767676767678,1.3453556316743907,1.3170642409993807,0.05752873617233254,TRENDING,5,116.4,3.5495062716840087,4.164180885335868,5.752873617233241
IESC,0.8573,1.0,1.0,True,0.6349206349206349,16,7,15,-0.06310420740295086,0.07153133992243199,0.5071156764841738,1.524241084585912,0.5175235377554028,-0.010600942483040433,BREAKDOWN,2,685.18,-4.37421495805357,-1.9084815113510272,-1.0600942483040756
LIT,0.8498,1.0,1.0,True,0.7103174603174603,36,9,13,0.02885806291800841,0.015774027879677188,0.20846668606342744,1.2684325505188423,0.12597780869443329,-0.017019349257775172,TRENDING,4,83.07,3.2067918277194947,-0.11566055345293756,-1.7019349257775171
EMEQ,0.8451,0.949,1.0,True,0.6785714285714286,29,9,9,0.04672759433962259,0.17158884672496288,0.48339252141215816,1.4161279346716573,1.553738162942317,0.07240165394269528,TRENDING,5,71.01,6.206999700867493,5.854918969568333,7.240165394269528
TIGO,0.8408,1.0,1.0,True,0.6507936507936508,19,11,10,-0.03452393876886328,0.098715097603163,0.20861647186735532,1.4106804011927352,0.836312227809309,0.04821691310957019,TRENDING,1,88.93,0.7375615159028942,2.7730389513191107,4.82169131095702
CGAU,0.8243,1.0,1.0,True,0.6150793650793651,35,8,15,0.11459667093469927,0.06744328632740659,0.05387409200968518,1.452112676056338,0.4903938797291179,0.023598580841358442,TRENDING,4,17.41,8.248704663212445,5.05430722372279,2.359858084135844
REMX,0.8203,1.0,1.0,True,0.6309523809523809,19,8,12,0.03313253012048212,0.042440030391837746,0.1578059071729958,1.38846058194479,0.3186869594743529,-0.015882774874474672,TRENDING,4,96.04,4.4745811879033965,0.729183314687551,-1.5882774874474814
CMI,0.8171,1.0,1.0,True,0.6626984126984127,23,10,10,0.09469413899861201,0.08843599308525141,0.3286317192358952,1.2801143583227446,0.7700218679892998,0.06513967932651811,TRENDING,3,717.78,7.018113505113995,7.8785189532333,6.513967932651811
AVDL,0.8161,1.0,1.0,True,0.6190476190476191,22,9,11,0.0009250693802034249,0.007448789571694592,0.12474012474012497,1.4071190211345939,0.054568209316676046,0.0042165059807175225,TRENDING,19,21.64,0.06936416184971361,0.3256322232401947,0.4216505980717854
EZPW,0.8103,1.0,1.0,True,0.6507936507936508,29,8,14,-0.010081300813008065,-0.04666457876605068,0.17984496124031013,1.2887218045112783,-0.31704954597470003,-0.057393941335383454,BREAKDOWN,2,30.44,-2.1081969556206657,-4.5525808908067384,-5.739394133538346
EACO,0.8077,1.0,1.0,True,0.6150793650793651,17,7,7,-0.0996726082211713,-0.057053052671682924,0.23672704559650226,1.3855421686746987,-0.37172223713156716,-0.047511619960122195,BREAKDOWN,1,99.0,-8.972957510497217,-7.134019144954011,-4.751161996012207
MTZ,0.8024,1.0,1.0,True,0.6349206349206349,21,8,12,0.04577405857740602,-0.026207792207792124,0.19886799693016122,1.3050107592991087,-0.19470716455371007,-0.02331579221591202,TRENDING,4,374.91,3.7628043286395676,0.8769108751555201,-2.331579221591202
STM,0.7812,0.7834,1.0,True,0.626984126984127,46,9,13,-0.06093189964157708,0.19810550383798797,1.262800740283775,1.547222222222222,1.7764895724602183,0.06488605022499636,PULLBACK,2,73.36,-1.7602333090302946,1.7173417846885273,6.488605022499636
ADEA,0.7782,0.8315,1.0,True,0.6468253968253969,23,9,13,-0.03801348865726539,0.18773656320968946,0.3381663113006397,1.4082885648503454,1.702700170524181,0.05501002817162662,TRENDING,8,31.38,0.1595914458985021,5.9249019481772,5.501002817162662
ECPG,0.7765,1.0,1.0,True,0.6468253968253969,20,8,14,0.027349577324714103,0.026328862394436214,0.1952560023141452,1.165618448637317,0.23626272572104057,0.020008086654891316,TRENDING,10,82.64,1.2496937025238863,2.3013440226361657,2.0008086654891315
CAMT,0.774,0.8951,1.0,True,0.6150793650793651,23,8,12,-0.032636437686668573,0.17731808869208887,0.03419448476052245,1.397577388963661,1.6171992220776472,0.014353146303917428,PULLBACK,1,178.14,-0.0006237252615228395,2.5499462707515463,1.4353146303917428
KEYS,0.7695,1.0,1.0,True,0.6309523809523809,22,9,14,0.03137958415433939,0.01915085292493668,0.2084352710106474,1.1851828774378466,0.1710587791738271,0.012735999362702083,TRENDING,5,350.7,2.962332286192412,2.4753715144431343,1.2735999362702084
MT,0.7694,1.0,1.0,True,0.6428571428571429,42,10,10,-0.058763931104356626,0.09903667399019778,0.30112044817927175,1.149041639127561,0.9435222734848346,-0.016900468646554895,BREAKDOWN,1,65.03,-3.5846663262112166,-3.8627243928194224,-1.6900468646554896
FOLD,0.7607,1.0,1.0,True,0.6904761904761905,30,10,10,0.0020746887966804906,0.005551700208188848,0.013995801259622187,0.9714285714285715,0.05689991276314488,0.003270938783306379,TRENDING,5,14.49,0.16898379291804472,0.22727272727271539,0.3270938783306379
ACMR,0.753,0.3938,0.8895,False,0.6349206349206349,22,8,8,0.04896401308615039,0.44755455229495844,1.0641630901287553,2.8170634920634923,3.039099551618306,0.22427474215492643,TRENDING,5,96.19,10.087998168824235,13.678648005267505,22.427474215492644
GOOGL,0.752,1.0,1.0,True,0.6468253968253969,28,7,8,0.016826452748972986,-0.06157457565908275,0.18448214111288386,1.067576015913612,-0.4958487190652239,-0.042074620753653015,BREAKDOWN,1,363.79,-0.0674537285735018,-2.569920036729524,-4.207462075365301
BVN,0.7499,1.0,1.0,True,0.6468253968253969,23,8,8,0.04517704517704524,0.0416793428658353,0.0736908121668236,1.0589296452194832,0.3969120264896301,-0.0031222705231558033,TRENDING,5,34.24,5.030674846625791,1.700093349551621,-0.31222705231558034
CGNX,0.7499,1.0,1.0,True,0.6111111111111112,15,7,10,0.04282724199001775,0.06793075020610062,0.288955223880597,1.166220735785953,0.6329477816024957,0.005443859198355426,TRENDING,4,64.77,3.169799299139845,0.9222847136688016,0.5443859198355426
PWR,0.7483,1.0,1.0,True,0.6666666666666666,29,8,11,0.04618829486747944,0.0010082197919145663,0.2368717017042996,0.9933355641068542,0.009848123919584695,-0.011954357821449038,TRENDING,4,714.85,2.4252902658840205,0.8066221990326213,-1.1954357821449193
GOOG,0.7429,1.0,1.0,True,0.6428571428571429,28,7,7,0.015537356966569549,-0.059236165237724014,0.18437837307428118,1.0431078259888285,-0.4906321148221588,-0.03872595418869018,TRENDING,3,362.1,0.04082797913783881,-2.2403180104803595,-3.872595418869018
AMAT,0.7401,0.3467,0.866,False,0.6428571428571429,22,9,13,0.07288650839606259,0.45712811186748903,0.6598639455782314,2.405824573496467,3.3847430747377736,0.2547811371396587,TRENDING,8,592.92,10.98244256710385,21.416236066648008,25.47811371396587
KN,0.7358,0.8117,1.0,True,0.6111111111111112,19,9,8,0.019771863117870492,0.18080422659230977,0.6234866828087164,1.3734513274336284,1.7319195483128855,0.07777510900894229,TRENDING,5,40.23,2.814061790095406,5.647329523428415,7.777510900894229
CHRW,0.7328,1.0,1.0,True,0.6507936507936508,25,9,9,-0.030924598398827996,0.07039648595538073,0.05943595904124477,0.9788438935783736,0.8385601640985979,0.03821692988730154,PULLBACK,1,185.2,-1.8709745787657879,1.3657214345287652,3.8216929887301707
MPWR,0.7324,1.0,1.0,True,0.6111111111111112,26,6,14,-0.08891824730269571,-0.013554842620784435,0.3253621795751769,1.096212022522327,-0.1182056360818281,-0.08129247028064726,BREAKDOWN,2,1448.21,-5.629411666747505,-7.774751692355355,-8.129247028064727
SA,0.7296,1.0,1.0,True,0.6150793650793651,28,7,11,0.1367173027047055,0.11119159724737426,0.23510466988727852,1.072972972972973,1.155347972419743,-0.002130952647989076,TRENDING,3,30.68,7.268559885008359,0.44118793358795566,-0.21309526479890759
TSM,0.7283,1.0,1.0,True,0.6309523809523809,26,9,14,0.02631391455102472,0.10071062886834259,0.2755689365093419,1.020336605890603,1.1526568310203051,0.03430560186453725,TRENDING,1,432.15,1.7350157728706634,2.2988972192068293,3.4305601864537114
VLUE,0.7283,0.9945,1.0,True,0.7063492063492064,31,9,5,-0.00582042716874176,0.10174434909417251,0.35133461750137585,0.8017794900018347,1.505559551945944,0.027739088389815893,TRENDING,4,196.43,0.08888637264338003,0.806445700544709,2.773908838981589
COPX,0.7219,1.0,1.0,True,0.623015873015873,24,9,10,0.04329004329004338,0.09310822728990797,0.19867366675877318,1.0186133085155888,1.0096772703696675,0.0102306308621355,TRENDING,4,86.76,3.421146739778269,1.3647263036668966,1.02306308621355
BWA,0.7216,0.8298,1.0,True,0.6587301587301587,21,9,15,-0.057581830327321115,0.1539342385080975,0.34541293152775143,1.148644532439842,1.7051550567747071,0.023254650680032178,DIP,3,70.54,-3.6733579134234384,-0.8115383070185852,2.325465068003239
ROST,0.7197,1.0,1.0,True,0.6904761904761905,21,12,9,-0.02450754882689976,0.09671807410193711,0.10723440615209334,0.8074389771406429,1.4268166140098504,0.0315445145941988,PULLBACK,1,233.25,-0.17404453828265315,1.4964681114704896,3.1544514594198927
AIA,0.7147,1.0,1.0,True,0.6785714285714286,29,10,11,0.01704707560627683,0.08839019922143354,0.2901737242128122,0.8231683927886462,1.2154604278271297,0.026530196810517805,TRENDING,4,142.59,2.534376273380279,1.6087655837501422,2.6530196810517803
INSW,0.7146,1.0,1.0,True,0.6150793650793651,21,9,11,-0.013444767441860406,-0.02220888355342132,0.1385239027117695,1.0130993573900149,-0.20061224572637013,-0.018307634761647363,PULLBACK,1,81.45,-0.3629098026423098,0.2896494303756738,-1.8307634761647362
CX,0.7126,1.0,1.0,True,0.6666666666666666,23,9,15,-0.007874015748031482,0.02689486552567244,0.2233009708737863,0.8502202643171806,0.3034589592758239,-0.016340485099738955,TRENDING,5,12.6,0.7641727385818291,-0.9322700213411191,-1.6340485099738955
MSGE,0.71,1.0,1.0,True,0.623015873015873,24,9,10,-0.017099771105426043,0.06089231216392954,0.2722202858138725,0.970842332613391,0.6877443191867765,0.03859022537947529,PULLBACK,1,73.0,-0.4726413379385337,1.8097293707454805,3.85902253794755
SDVKY,0.7093,1.0,1.0,True,0.6587301587301587,39,9,13,0.046122655854029304,0.0758405003909306,0.11930585683297168,0.8611361587015329,0.9687831959171951,0.030960152260220416,TRENDING,4,41.28,3.0340007765267023,2.362818378263483,3.0960152260220233
WILC,0.7082,1.0,1.0,True,0.6349206349206349,38,8,13,-0.011428571428571455,-0.06246434683399904,0.24037735849056596,0.9278592375366566,-0.610945646721938,-0.06119011976047911,BREAKDOWN,2,32.87,-2.6074074074074147,-5.552438940959159,-6.119011976047911
NMM,0.7077,1.0,1.0,True,0.6825396825396826,27,8,12,-0.013760217983651346,-0.03286573146292582,0.08352043107319251,0.7830049261083742,-0.4111899280407517,-0.0028073075498045875,BREAKDOWN,1,72.39,-0.7464846665955823,-0.3957463816069638,-0.2807307549804978
BATT,0.7044,1.0,1.0,True,0.6507936507936508,25,9,13,0.03879849812265346,0.03944896681277399,0.16819141449683328,0.8651685393258428,0.46313153267425033,-0.014332514332514217,TRENDING,4,16.6,2.7227722772277305,-0.2888933382912261,-1.4332514332514217
RIO,0.7032,1.0,1.0,True,0.6706349206349206,25,10,11,-0.009359320725588538,0.01734046769718578,0.19871570344424971,0.8009121206805825,0.20677226180061217,-0.02489642862991037,BREAKDOWN,1,102.67,-0.14696506337869272,-1.9482379906408098,-2.4896428629910368
ICOP,0.6999,1.0,1.0,True,0.6309523809523809,29,9,11,0.03527403754978198,0.09289289289289293,0.23618659420289867,0.9067411805798116,1.134815870049178,0.01587556228623507,TRENDING,4,54.59,3.0756320151054206,1.6726827667556639,1.587556228623507
PLXS,0.6999,0.7823,1.0,True,0.6190476190476191,29,9,13,0.021185704858819765,0.17597888253409577,0.4593508040500298,1.2472485478446957,1.7783427810398644,0.07775310267944584,TRENDING,5,294.03,2.749810712690961,6.334653052719305,7.775310267944584
BHP,0.699,1.0,1.0,True,0.6349206349206349,17,9,12,0.026818181818181852,0.10370098937339689,0.3412498144574736,0.8911678526580158,1.3134622297887968,0.036029589097421606,TRENDING,5,90.36,3.213524215656411,3.2455343297549994,3.6029589097421773
NGLOY,0.6967,1.0,1.0,True,0.6309523809523809,28,9,9,0.025104602510460206,0.08407079646017701,0.34682658670664646,0.8938861560084328,1.0236713083250883,0.011951004764864302,TRENDING,4,26.95,2.268415060926766,1.178132151029738,1.1951004764864166
FDX,0.6958,1.0,1.0,True,0.6547619047619048,24,9,9,-0.03571005917159764,0.07941712204007301,0.13659506207281358,0.8189073050951505,1.1323587670650832,0.01751154554164484,DIP,1,325.93,-1.8598442267544595,-0.36349079263409695,1.751154554164484
KEN,0.6952,1.0,1.0,True,0.6468253968253969,22,8,10,-0.07811849590675723,-0.2066865671641791,-0.23614624051506095,0.8404432132963988,-1.5650966957322614,-0.1980788119932742,BREAKDOWN,12,66.44,-7.498104976563588,-17.49219415271076,-19.807881199327422
KGS,0.6935,1.0,1.0,True,0.6071428571428571,31,7,11,-0.008492252681764123,-0.12307286862564237,0.16122840690978868,0.9527582159624413,-1.0151545693259405,-0.05352851748320342,BREAKDOWN,1,66.55,-1.1927150351380693,-3.5693585780525576,-5.352851748320342
VOLT,0.6923,1.0,1.0,True,0.7063492063492064,35,7,13,0.03544824043154393,0.05745015739769155,0.1623414071510958,0.6500204666393778,0.9224056925239824,0.020034379553764033,TRENDING,5,40.31,3.0653409090909065,2.775450737570566,2.0034379553764032
WTTR,0.6922,1.0,1.0,True,0.6111111111111112,22,10,12,-0.023280996210070404,-0.09980039920159678,0.23308270676691722,0.9356223175965663,-0.9082428120359782,-0.028360232527905413,BREAKDOWN,3,18.04,-1.7845260419817395,-3.7695590327169293,-2.8360232527905413
B,0.6918,1.0,1.0,True,0.6111111111111112,30,9,14,0.056010230179028175,0.04531645569620246,0.07863113897596641,0.9339578454332551,0.4927457749497951,-0.008495698328185836,TRENDING,3,41.29,3.0961298377028768,0.7529542998570895,-0.8495698328185836
PICK,0.6883,1.0,1.0,True,0.6666666666666666,34,10,11,0.00470366886171214,0.05100869279973752,0.19107806691449825,0.7532147742818058,0.6804148882777149,-0.008430623439267435,TRENDING,4,64.08,1.1168580696063717,-0.637958532695377,-0.8430623439267435
TPC,0.6881,1.0,1.0,True,0.6309523809523809,22,9,7,0.05814427387583221,0.03978107061807501,0.07716774996542664,0.8593936500358081,0.48051713279375224,0.027895208667992374,TRENDING,5,77.89,5.889550164647602,5.620379039808869,2.789520866799257
TWIN,0.6874,0.4541,0.9589,False,0.623015873015873,20,9,14,0.03790523690773062,0.31792273590880304,0.41468388851121674,1.6611253196930944,2.702289850287074,0.14282197435945967,TRENDING,17,20.81,4.526174796294242,14.256954612005861,14.282197435945967
VSH,0.6869,0.2469,0.8917,False,0.6150793650793651,29,7,14,0.02952218430034126,0.62877969762419,2.4027072758037225,2.935420743639922,4.549461751130258,0.22145116136193863,TRENDING,3,60.33,2.429776075760738,10.514746290529406,22.145116136193863
MAG,0.6848,0.9166,1.0,True,0.6150793650793651,29,7,11,0.02085940759282434,0.12869003690036895,0.15478999528079274,1.010682004930156,1.5909329134478185,0.07576745243689834,TRENDING,10,24.47,1.3017479300827794,4.489721222472999,7.576745243689817
COPJ,0.6841,1.0,1.0,True,0.623015873015873,40,9,12,0.0714460484462931,0.07223310479921641,0.21167681239623692,0.8673773987206823,0.8789136245174591,0.009146535282898969,TRENDING,4,43.79,4.833218066712772,1.777472801124478,0.9146535282898804
FTI,0.6828,1.0,1.0,True,0.6111111111111112,41,9,10,-0.050849858356940336,-0.09298863021115311,0.01192993053458169,0.8977626734636082,-0.8592479406080775,-0.043689439832289116,BREAKDOWN,3,67.01,-2.38418956977761,-3.3589264621047645,-4.368943983228911
GHM,0.6772,0.5379,0.9526,False,0.623015873015873,12,9,13,0.12514563106796106,0.24679935449166224,0.4016690856313496,1.5057297297297296,2.358915440282432,0.1497731797935012,TRENDING,5,115.89,10.654798531689625,13.893607761101833,14.977317979350119
XME,0.6755,1.0,1.0,True,0.6428571428571429,39,10,11,0.0003379805661174462,0.07509989102796943,0.12570124560235807,0.7733672857998801,1.025221512880708,-0.017937540403086986,TRENDING,3,118.39,0.24932728675459934,-1.8600171317367575,-1.7937540403086987
TAN,0.6749,1.0,1.0,True,0.626984126984127,13,10,14,-0.06179775280898869,-0.04133180252583235,0.026338893766461702,0.8186060983198507,-0.4297095598047007,-0.0996085138932417,BREAKDOWN,10,58.45,-5.332205585948757,-11.0440340909091,-9.96085138932417
FRDM,0.6748,0.7964,1.0,True,0.6984126984126984,31,9,8,0.029077117572692934,0.12933559426545393,0.3063480741797433,0.889118102114492,1.7556268353313946,0.049197005313790294,TRENDING,5,73.26,3.9771652053239204,3.5532789919699583,4.919700531379029
FWD,0.6707,0.9459,1.0,True,0.6904761904761905,23,10,15,0.02260495156081821,0.0945541132191412,0.27516778523489926,0.6869894637149283,1.5571463706309707,0.031088600014970512,TRENDING,4,142.5,2.4712960521584897,1.9959508374404393,3.1088600014970513
VSCO,0.6698,0.2112,0.8456,False,0.6150793650793651,22,11,8,-0.0033003300330033403,0.7371681415929201,0.6239917269906927,3.2720348204570184,5.234676236390273,0.282623512248427,TRENDING,20,78.52,1.7728300473810754,17.412666087526173,28.262351224842703
SLVP,0.6691,1.0,1.0,True,0.6071428571428571,18,7,13,0.07969397513547971,-0.015979081929111127,0.03800183879865138,0.8548740416210292,-0.16170200398422363,-0.047996123091834424,TRENDING,3,33.87,4.871503767158648,-1.1438498957609449,-4.799612309183442
NEM,0.6657,1.0,1.0,True,0.6190476190476191,35,8,12,0.08279536837790746,0.005519078884765438,0.06522177419354835,0.8057074504442925,0.06150101544996483,-0.02129908786632259,TRENDING,3,105.67,4.768986714257388,0.5669458342397296,-2.1299087866322592
TEN,0.6656,1.0,1.0,True,0.6071428571428571,19,9,7,0.01886284020479656,-0.11905871388630007,0.041884816753926746,0.8407984420642651,-1.0921957423027209,-0.058556354051292656,TRENDING,6,37.81,0.3272598620201703,-3.1104331909701024,-5.855635405129266
AIRR,0.6648,1.0,1.0,True,0.6666666666666666,19,9,15,0.006698340992289165,0.05475763016157975,0.16242467847828035,0.6591784338896018,0.8430229304417559,0.007976141494491322,TRENDING,5,129.25,0.7727426299238508,1.019029577166004,0.7976141494491098
DXJ,0.6612,1.0,1.0,True,0.6944444444444444,20,11,8,0.03507532956685511,0.043860169743011435,0.13441692466460275,0.561573293083548,0.7795183727237134,0.031992554224668075,TRENDING,4,175.88,2.73831235842751,2.9088234310742522,3.1992554224668077
SIVR,0.6585,1.0,1.0,True,0.6111111111111112,25,9,10,-0.0037541060534960202,-0.09376778599886171,-0.07668889533198042,0.8006785411365565,-0.8679901238517825,-0.10343672637250614,BREAKDOWN,1,63.69,-0.7084704659622435,-6.786027905161484,-10.343672637250615
CM,0.6584,1.0,1.0,True,0.6626984126984127,21,10,13,0.009209585121602304,0.005702575069054694,0.1815136606301686,0.6453352769679301,0.08434928546159386,0.01302949742040713,TRENDING,8,112.87,1.0504640544331363,1.175119731596328,1.302949742040713
SLV,0.6574,1.0,1.0,True,0.6111111111111112,25,9,10,-0.0034528115751397692,-0.09402092675635287,-0.07719244823386129,0.7963841138114995,-0.8743097650383804,-0.10349382841987143,BREAKDOWN,1,60.61,-0.7116854750637065,-6.794815465729346,-10.349382841987143
GNK,0.6573,1.0,1.0,True,0.6428571428571429,24,7,12,-0.01519628535246953,-0.01561181434599157,0.03504880212954742,0.7004373177842564,-0.19298029527709004,-0.040380687620560574,BREAKDOWN,3,23.33,-2.0844991606043775,-2.2583541147132298,-4.038068762056072
MATX,0.6511,1.0,1.0,True,0.6150793650793651,23,8,11,-0.02718866217710325,0.0750305453737643,0.22388720283257468,0.759247477960556,1.0519954633595812,0.03627257690546864,PULLBACK,1,193.57,-0.6132764364930776,2.5171745906848706,3.627257690546864
MGNR,0.6504,1.0,1.0,True,0.6825396825396826,35,9,12,-0.0042528513435143855,-0.014162679425837377,0.04993885038728085,0.5538461538461539,-0.21794024656095198,-0.03644479419979492,BREAKDOWN,1,51.51,-0.5747742724172629,-3.14721630284906,-3.644479419979492
MGA,0.6497,1.0,1.0,True,0.6190476190476191,23,9,13,-0.01337996046829859,0.09205654661730045,0.2336501901140684,0.741545893719807,1.427631285674109,0.007522379749004099,DIP,2,64.89,-1.481131598036409,-0.7393432592290449,0.7522379749004099
MOG.A,0.6494,1.0,1.0,True,0.626984126984127,25,8,15,-0.04463702736392239,0.030739673390970168,0.1405995322797815,0.716616894197952,0.4284071254440459,0.019529765363225943,TRENDING,8,160.95,0.5490615282096883,1.821977604858604,1.9529765363225944
ICLN,0.6462,1.0,1.0,True,0.6587301587301587,28,9,14,-0.012536162005785778,-0.024297284421152865,0.09226666666666672,0.6087981146897092,-0.34022466700939336,-0.0603126384406051,BREAKDOWN,10,20.48,-1.327623126338315,-6.4901180614441305,-6.031263844060495
COKE,0.6456,1.0,1.0,True,0.6150793650793651,29,7,13,-0.014278046162104263,0.059298569450853655,-0.1273107446656846,0.737041241013999,0.8825210955037515,0.03861688330684229,PULLBACK,1,183.64,-0.6939812895434134,2.516361935041372,3.8616883306842293
CORZ,0.6453,0.5266,1.0,False,0.6190476190476191,20,7,12,0.042615723732549515,0.23821989528795795,0.7220873786407767,1.3868797308662741,2.39890822263122,0.09484914595860151,TRENDING,4,28.38,4.168026101141924,5.670212765957442,9.484914595860152
KGC,0.6452,1.0,1.0,True,0.6111111111111112,18,7,9,0.09734513274336298,-0.005830903790087438,-0.0051057622173595885,0.7475976937860347,-0.06849679415177523,-0.039879608728367155,TRENDING,3,27.28,4.896180466547039,-1.1355399855037422,-3.9879608728367035
EPU,0.6448,0.8544,1.0,True,0.6388888888888888,44,10,11,0.03662234662934449,0.12066574202496527,0.15985906303014485,0.8664426711465771,1.6704581345708123,0.06119256121108827,TRENDING,5,88.88,5.495548961424327,5.624501298745377,6.1192561211087915
DTCR,0.6435,1.0,1.0,True,0.6150793650793651,28,8,13,0.008041170794467645,0.06165311653116534,0.250099720781811,0.728626585769443,0.9152304943175529,0.013730411020021118,TRENDING,3,31.34,0.9159212880143057,0.5469322903935345,1.3730411020021234
PSLV,0.6433,1.0,1.0,True,0.6190476190476191,25,9,10,0.00798122065727691,-0.10092127303182585,-0.08365343576611184,0.7162270183852917,-1.0015632645018828,-0.10276104562354102,TRENDING,3,21.47,0.26983550412537877,-6.2893604639078875,-10.276104562354089
DXPE,0.6426,0.678,1.0,False,0.6388888888888888,32,9,12,-0.015348781653129473,0.17453871909952268,0.2570143336383044,1.1045442941026296,1.9749491946524262,0.07484432255018772,TRENDING,12,164.87,0.5141440416192491,6.284803870405272,7.484432255018772
COPP,0.6414,0.8698,1.0,True,0.6071428571428571,23,10,13,0.04625550660792954,0.12916006339144226,0.2888151944528188,0.9265434880576835,1.6496700769308166,0.03334889225998962,TRENDING,4,42.75,3.871385761723497,2.9636086293310053,3.3348892259989618
UPRO,0.6403,1.0,1.0,True,0.626984126984127,33,7,15,0.010561584966130244,0.015368852459016535,0.36514808619502137,0.6800678130297895,0.21196405607817095,-0.02358134557094417,BREAKDOWN,1,138.74,-0.13436345314072584,-2.873906158846569,-2.358134557094417
FYC,0.6362,1.0,1.0,True,0.6587301587301587,23,11,15,0.0029777097158414367,0.07250727802037837,0.21523554272755385,0.5685204896221394,1.3554006361667377,0.02504130075645592,TRENDING,5,117.89,1.3313341037371016,1.8525832489940885,2.504130075645592
SGDJ,0.6355,1.0,1.0,True,0.623015873015873,35,8,12,0.10145862914676651,0.0016433853738702098,0.04391974553462208,0.6731372549019607,0.021435461398307085,-0.0158251006220271,TRENDING,3,85.33,6.520472703062579,1.6969064090849761,-1.5825100622027102
CCNR,0.6346,1.0,1.0,True,0.6904761904761905,46,9,14,-0.018915510718789386,-0.05145086564252621,0.006207966890843242,0.46681749622926083,-0.8372331722320131,-0.04808114220137032,BREAKDOWN,9,38.9,-1.5632907833324068,-4.1287203079523165,-4.808114220137032
BK,0.6313,1.0,1.0,True,0.6388888888888888,21,9,15,-0.005235602094240788,0.05539920011850086,0.22717878057182217,0.6083521444695261,0.9451398738838873,0.030199234174943166,TRENDING,3,142.5,0.2415175745069996,1.5346405317463208,3.019923417494317
E,0.6299,1.0,1.0,True,0.6666666666666666,48,9,15,-0.07991120976692567,-0.10780269058295966,-0.0911748583957609,0.5197066911090744,-1.423762859931217,-0.07653008962868109,BREAKDOWN,4,49.74,-5.8311245740249875,-6.90042425754929,-7.653008962868109
VALE,0.6266,1.0,1.0,True,0.6150793650793651,23,8,12,0.01106770833333326,-0.02998126171143045,0.061517429938482415,0.6609625668449197,-0.38600147299500803,-0.03748584129426599,TRENDING,4,15.53,0.648088139987036,-2.6303218486893183,-3.7485841294265994
ASML,0.6257,0.4102,0.9738,False,0.626984126984127,26,10,13,-0.01666245498768093,0.27982650879789506,0.3669816084719588,1.4581238649224857,2.937917079685329,0.12691984102018702,TRENDING,8,1867.83,3.5755676934593965,9.777581370928507,12.691984102018703
AL,0.6239,1.0,1.0,True,0.6468253968253969,22,11,10,0.0007698229407235857,0.005258274048871137,0.012303379535897996,0.5550239234449761,0.0876696790075766,0.003903774358646498,TRENDING,12,65.0,0.15408320493065378,0.3772419422444716,0.3903774358646498
SBLK,0.621,1.0,1.0,True,0.6309523809523809,17,8,11,-0.014732965009208066,0.025690184049079745,0.17685877694676644,0.5913146936347413,0.41673219223582003,-0.00717978908569681,BREAKDOWN,2,26.75,-0.5617281401016152,-1.0027491893415885,-0.7179789085696809
RING,0.6199,1.0,1.0,True,0.6150793650793651,19,7,12,0.0842729970326408,0.0013702384214853147,0.013592233009708687,0.6341681574239715,0.01867209479149277,-0.027379783201314324,TRENDING,3,73.08,4.8727597423304925,0.28163123950418073,-2.7379783201314325
SHOO,0.6177,0.7995,1.0,True,0.6428571428571429,38,8,12,-0.06646328176073213,0.12058592728223916,0.2903614457831325,0.8229787234042554,1.7507139681246178,0.012196612323711241,DIP,2,42.84,-4.431885782272467,-1.5915728677845804,1.219661232371124
TS,0.6162,1.0,1.0,True,0.6190476190476191,42,7,14,-0.04630525976121325,-0.028435239973701565,0.05421794185839124,0.6075605112863747,-0.39180102375984344,-0.042303802984507685,BREAKDOWN,3,59.11,-3.7783967587903295,-4.256106873172932,-4.230380298450758
ALNT,0.6147,0.163,0.8886,False,0.6468253968253969,20,8,13,0.02696481420585317,0.5359016393442622,0.5266416816033892,1.734676007005254,6.634992798725258,0.2253907976511552,TRENDING,20,93.69,3.8653412660286164,15.191274106860575,22.53907976511552
FESM,0.6146,1.0,1.0,True,0.6547619047619048,29,10,15,0.0006540222367561466,0.06868451688009314,0.20916754478398314,0.494140625,1.4497833710692023,0.021244274633461614,TRENDING,5,45.9,0.8889757241244393,1.4140521431727648,2.1244274633461293
APA,0.6136,1.0,1.0,True,0.6071428571428571,24,7,14,-0.07748776508972266,-0.17061843070153992,-0.10851287440882817,0.6328200192492781,-1.80090141623759,-0.0897257992895205,BREAKDOWN,5,33.93,-6.213144963144962,-8.902270635164161,-8.97257992895205
GOEX,0.6131,1.0,1.0,True,0.6031746031746031,19,6,10,0.1116831116831114,0.006473329880890777,0.018205631958087665,0.6428571428571428,0.08676400970257055,-0.01579471239478947,TRENDING,3,77.74,6.984923086332913,2.13588588588588,-1.5794712394789294
OIH,0.6094,1.0,1.0,True,0.6111111111111112,42,9,11,-0.06753075983845214,-0.11950689548135329,0.011461464011002898,0.6042659772158037,-1.3929666613672058,-0.0758077317225644,BREAKDOWN,3,397.12,-4.966417255627702,-7.141497112201564,-7.580773172256452
AAXJ,0.6093,1.0,1.0,True,0.6507936507936508,20,9,11,0.015526360689302132,0.06858168761220829,0.20048406615570813,0.4846595160888001,1.463890842652081,0.019151002718987793,TRENDING,4,119.04,2.2592560776565547,1.4512515827408308,1.9151002718987793
SEIV,0.609,1.0,1.0,False,0.6825396825396826,33,10,8,-0.008522136769902211,0.05414364640883984,0.15245228316018378,0.38824214202561125,1.373468589538317,0.01083692006401312,DIP,1,47.7,-0.6663890045814249,-0.16345406342813307,1.083692006401312
TD,0.6089,0.8401,1.0,True,0.6626984126984127,29,9,14,0.019354838709677358,0.0981373366694469,0.2664315485732607,0.6713681241184766,1.6903489226462964,0.05828986024969048,TRENDING,12,118.5,2.1453883727612344,4.277974027933175,5.828986024969061
EMGF,0.6064,1.0,1.0,True,0.6547619047619048,18,9,13,0.010170423309510568,0.0652173913043479,0.19980411361410377,0.46123260437375757,1.446109991131154,0.015875588006805903,TRENDING,4,73.5,1.897778736251868,1.1394984634135041,1.5875588006805903
DBJP,0.6059,1.0,1.0,True,0.6388888888888888,19,11,12,0.03394372487717723,0.06309698750918447,0.15854268841957775,0.5067690705545431,1.2947537016578612,0.03796572015201132,TRENDING,4,115.75,2.822879139317968,3.2073573057179603,3.796572015201132
ROBO,0.6051,1.0,1.0,True,0.6468253968253969,19,9,12,0.01807594322455408,0.01708883771664027,0.18765921313331457,0.4800705467372133,0.3155492815782497,-0.022312210250600564,TRENDING,3,83.92,0.8532628289869103,-2.2204467525550076,-2.2312210250600564
JIVE,0.6042,1.0,1.0,False,0.6746031746031746,29,11,11,0.006558434576927175,0.032535568545274174,0.10400943396226414,0.39315476190476195,0.7644235035492556,0.014373194944162332,TRENDING,5,93.62,1.21932174477135,1.1613367979623965,1.4373194944162333
EEM,0.6029,1.0,1.0,True,0.6468253968253969,18,9,11,0.015703703703703775,0.06691565515094933,0.18986463033668866,0.4709289851963099,1.4607305947708842,0.018800440675360706,TRENDING,4,68.56,2.3029097239492713,1.485888290523583,1.8800440675360706
PVAL,0.6028,1.0,1.0,False,0.6984126984126984,25,11,7,0.009836710603974064,0.03906882591093108,0.11152013858813326,0.316153846153846,1.112178255858622,0.018445412935051125,TRENDING,5,51.33,0.6470588235294084,1.2654303590552922,1.8445412935051124
EMXC,0.6026,0.7958,1.0,True,0.6706349206349206,29,9,10,0.02580645161290329,0.10512597741094698,0.26898615787504676,0.6842105263157896,1.756548566903414,0.03750215337667047,TRENDING,5,101.76,3.4006232217856627,2.830910482019895,3.750215337667047
GDX,0.6025,1.0,1.0,True,0.6111111111111112,35,7,11,0.08543489449305208,0.006922893291955168,0.017611580217129053,0.5765277518220895,0.1031195948126898,-0.02421085380154271,TRENDING,3,84.36,4.935524442663062,0.5756719010798098,-2.4210853801542713
DFEM,0.6012,1.0,1.0,True,0.6626984126984127,27,9,11,0.012858555885262302,0.0586714913414319,0.16429789653212046,0.4168107921134556,1.3923866957327746,0.015143745940587245,TRENDING,5,40.96,2.0824102791315977,1.262007911094385,1.5143745940587423
EEMA,0.6009,1.0,1.0,True,0.6468253968253969,26,9,12,0.012525915687629396,0.06496456478284562,0.19152180542848418,0.4631132193234302,1.4282541117429328,0.01390011603315741,TRENDING,4,117.21,1.6908468694269045,0.9788517158622282,1.3900116033157284
MNST,0.6001,1.0,1.0,True,0.6468253968253969,17,9,12,-0.004020428121264907,0.061493920092646315,0.2430160021697858,0.4600191143676329,1.3000285110904883,0.039151834057209026,TRENDING,7,91.66,0.3478980147917477,2.6006492295063666,3.915183405720886
IWC,0.5982,1.0,1.0,True,0.6190476190476191,19,10,11,0.0033574930718398566,0.06632306298142288,0.17749702920758037,0.5356443719412727,1.2881399092221162,0.009660495710658539,TRENDING,5,188.27,1.2561177475932315,0.5621164064228822,0.9660495710658539
HPE,0.5978,0.1996,0.9342,False,0.6150793650793651,37,8,10,0.02991452991453003,0.4776210913549972,1.179023508137432,1.6927374301675981,5.509613503298315,0.1703926986519301,TRENDING,1,48.2,0.0922934933087214,7.695745156245024,17.03926986519301
IEMG,0.5965,1.0,1.0,True,0.6507936507936508,18,9,10,0.011575484342634335,0.0571756016808862,0.1735934407690134,0.4336038680711449,1.3068281070660424,0.01272861878081192,TRENDING,4,83.02,2.006880733944945,0.9987370957837494,1.272861878081192
GDXJ,0.596,1.0,1.0,True,0.6031746031746031,19,7,11,0.08616937079540965,-0.004623753399818575,0.007525006882628249,0.5745016492184138,-0.06640212787164353,-0.03411338567389472,TRENDING,3,109.79,5.372548601409789,0.14377052313359187,-3.411338567389472
HAL,0.596,1.0,1.0,True,0.6031746031746031,18,9,13,-0.08878269617706236,-0.15704979060027924,-0.018954779312212344,0.5745328118209472,-1.7824624121158454,-0.09972923414391717,BREAKDOWN,7,36.23,-6.837142857142858,-9.34945788156797,-9.972923414391717
DFEV,0.5923,0.8708,1.0,True,0.6904761904761905,32,10,12,0.013586319981260475,0.0747640337804274,0.18906292937620228,0.47881066302118946,1.648346547790087,0.024928326976010953,TRENDING,5,43.27,2.3334647221127436,1.928254139184284,2.4928326976010955
VPL,0.592,1.0,1.0,True,0.6309523809523809,15,8,14,0.025111558316563087,0.06693379473636285,0.17807943690296635,0.47519516494585745,1.4601810348442876,0.02923232580260143,TRENDING,5,117.16,3.1610460508937255,2.517990108044807,2.923232580260143
ESGE,0.5899,0.9656,1.0,True,0.6507936507936508,18,9,12,0.011612903225806548,0.067704280155642,0.1873647771527478,0.4553168920710686,1.5356659495170006,0.018755360960684198,TRENDING,5,54.88,1.9442724458204337,1.3900130203751293,1.8755360960684198
FDT,0.5888,1.0,1.0,True,0.6309523809523809,19,10,10,0.014692283982328247,0.04144258146156288,0.1250854408749147,0.46224459579508426,0.8484392541914036,0.007202239446327944,TRENDING,5,98.76,1.9803116179811464,0.8377375737214019,0.7202239446327798
BLCR,0.588,1.0,1.0,True,0.6468253968253969,31,9,12,0.008559201141226769,0.011651676206050787,0.17163825757575757,0.4115801483171706,0.2499685950416401,-0.0058600649732970704,TRENDING,3,49.49,0.598518384677929,-0.6177384652163547,-0.5860064973297212
JEMA,0.5878,0.8772,1.0,True,0.6666666666666666,17,9,11,0.018399999999999972,0.07954545454545459,0.19868173258003763,0.5230916487197894,1.6399701303768688,0.025822312581454832,TRENDING,5,63.65,2.599565100350924,2.023782727239638,2.5822312581454834
IOO,0.5869,1.0,1.0,False,0.6746031746031746,34,8,12,-0.0047784535186793375,-0.01772188080605963,0.12894218134034174,0.3236398651901784,-0.4175562931471988,-0.021896269978751336,BREAKDOWN,1,137.46,-0.5434520459843963,-2.2124208579355376,-2.1896269978751337
AVEM,0.5863,0.9226,1.0,True,0.6706349206349206,26,9,11,0.013953000419639316,0.06830993699568921,0.18067432201319344,0.4416766109785202,1.5838839889481038,0.017896766742810485,TRENDING,5,96.65,2.149022370970581,1.3831445183719981,1.789676674281018
CMC,0.5852,1.0,1.0,True,0.6150793650793651,19,8,13,-0.058263665594855296,0.05610846675320924,0.19738348323793953,0.49550653594771243,1.140482791656289,-0.006703434984165357,BREAKDOWN,1,73.22,-3.015585677071823,-2.124761298535967,-0.6703434984165357
DFAE,0.5844,0.9706,1.0,True,0.6468253968253969,19,10,10,0.01705115346038122,0.06596583442838377,0.17975567190226882,0.4382978723404256,1.5302573915408804,0.01968739434605094,TRENDING,5,40.56,2.358186355606652,1.6262393662081123,1.968739434605094
FNDF,0.5813,1.0,1.0,False,0.6507936507936508,18,9,10,-0.0005566895527927551,0.025123715264560254,0.10754678182192046,0.37292888095845034,0.6014677618744588,0.004127237193993044,TRENDING,5,53.86,0.6791700417471559,0.03006933635205414,0.41272371939930436
PXF,0.5767,1.0,1.0,False,0.6468253968253969,17,9,9,0.0020768431983384517,0.02809961379677728,0.10285714285714298,0.36612988851530703,0.6867012211862165,0.005935504742562663,TRENDING,5,77.2,0.9047736613561319,0.22131279286853955,0.5935504742562849
PJP,0.5756,0.9623,1.0,True,0.6507936507936508,31,10,13,-0.012913994553281238,0.059000942507068777,0.10688602108166667,0.4029217130727931,1.5392180711018546,0.030085955356324457,TRENDING,10,112.36,0.02868588950986195,2.0804942309439505,3.0085955356324323
CSX,0.5749,1.0,1.0,True,0.626984126984127,28,8,12,-0.03799873337555404,-0.01106770833333326,0.1839438815276695,0.4187422166874224,-0.2220177314930453,-0.01102330384805353,BREAKDOWN,2,45.57,-2.948484346529725,-1.9015499425947178,-1.1023303848053683
IQDF,0.5747,1.0,1.0,False,0.6626984126984127,20,11,11,0.00801373783629078,0.041703637976929775,0.11314791403286972,0.3107554893933755,1.203074877933293,0.015975012931205842,TRENDING,5,35.22,1.485560607030807,1.3316892725030924,1.597501293120584
ESP,0.5745,1.0,1.0,True,0.6111111111111112,19,7,14,-0.014927848731132842,-0.014764432647644377,0.0561977592032723,0.4646115906288535,-0.27325886112245695,-0.027421549859673513,TRENDING,6,59.39,1.964861410503414,2.37805979215577,-2.74215498596734
AVNM,0.5741,1.0,1.0,False,0.6666666666666666,26,9,9,0.010158423025758978,0.025537139349294025,0.09936825480389566,0.2964457550830357,0.7263602706162048,0.001840424827951204,TRENDING,4,83.53,0.9995566482608711,0.1392940531714988,0.1840424827951204
DFAX,0.5724,1.0,1.0,False,0.6626984126984127,19,9,12,0.007778969957081605,0.0335625859697386,0.10532509561635761,0.30135088326983017,0.9631989324136645,0.00774168485700533,TRENDING,5,37.57,1.348799568384138,0.7354349408204784,0.774168485700533
ATI,0.5723,0.2965,0.9639,False,0.6547619047619048,20,10,13,-0.013233082706766819,0.3085615527785164,0.33428222854819056,1.324203069657615,3.8725541000275294,0.13742257216801937,TRENDING,19,196.86,3.304238310972722,10.396744224550254,13.742257216801937
IWD,0.5713,1.0,1.0,False,0.6706349206349206,20,11,11,0.002502293769288455,0.0373726911790091,0.12353353587286753,0.27340149388144286,1.2000870962438088,0.014487438641222386,TRENDING,5,240.38,0.3381057728429995,0.9192323070771615,1.4487438641222266
IHE,0.5712,1.0,1.0,True,0.623015873015873,22,10,14,-0.023561586199642326,0.04833427442123095,0.09121899612084183,0.4157389049870368,1.1983096141575458,0.020918423457759308,PULLBACK,2,92.83,-0.786139248773893,0.9539049512949184,2.0918423457759308
COPY,0.571,1.0,1.0,False,0.6587301587301587,24,9,11,-0.009302325581395432,0.025447042640990514,0.11102831594634877,0.3078947368421052,0.7084944820559972,0.007244688781215073,PULLBACK,1,14.91,-0.014902019223607128,0.3268287993848013,0.7244688781215073
PRIM,0.5709,1.0,1.0,False,0.6428571428571429,23,7,12,0.0757671957671957,-0.02903533906399247,-0.28948839809896565,0.35510530525193285,-0.572367016124042,-0.10220874178154993,BREAKDOWN,9,101.66,-2.8581742509502464,-10.782822373040027,-10.220874178154993
AFK,0.5696,1.0,1.0,True,0.623015873015873,24,9,11,0.02322967403521914,0.03761398176291797,0.0828707375099127,0.40918472652218774,0.8222634418485665,0.0007960978568540223,TRENDING,4,27.31,1.9833201941828054,1.0483473112974637,0.07960978568540222
AVDV,0.5672,1.0,1.0,False,0.6349206349206349,26,10,11,0.012881227505209258,0.001217114502387373,0.0852445707326972,0.36403061224489774,0.027225178888283203,-0.011030502096720225,TRENDING,3,106.94,0.873046649827584,-0.7556875430874499,-1.1030502096720356
SPGM,0.5664,1.0,1.0,False,0.6626984126984127,16,9,12,0.0073338064821384386,0.01926989826451231,0.11890684535540652,0.27733613319334016,0.5692932677338751,0.0005631520307910408,TRENDING,4,85.16,0.6183293292898975,-0.1312328629426385,0.05631520307910408
DFIV,0.5663,1.0,1.0,False,0.6547619047619048,27,10,14,-0.002159827213823018,0.007450481555515198,0.06390328151986169,0.30110302745834305,0.20003982390463065,5.598163802266437e-05,TRENDING,5,55.44,0.31766456230648427,-0.1012510511232069,0.005598163802266437
FDEM,0.5661,1.0,1.0,False,0.6388888888888888,19,9,11,0.006791632708503137,0.053738982087006004,0.14665841584158423,0.34763636363636374,1.4934351935065981,0.013991754016850716,TRENDING,5,37.06,1.6611295681063085,1.0648520894475815,1.399175401685052
GMOI,0.5656,1.0,1.0,False,0.6428571428571429,27,10,14,-0.0036639623135305,0.009814323607427067,0.06638655462184873,0.3339173090399441,0.24709358536221895,0.001987584404269188,TRENDING,5,38.07,0.2927143400755286,0.017514668534900715,0.19875844042691881
CGIC,0.5651,1.0,1.0,False,0.6587301587301587,15,9,11,0.0008198961464880306,0.036512878573450314,0.10334438083760178,0.2840112201963534,1.112420878108887,0.009928295642581342,TRENDING,5,36.62,1.0114012504597294,0.6913347474271285,0.9928295642581343
AVIV,0.565,1.0,1.0,False,0.6626984126984127,18,9,11,0.0040831951001658595,0.008458285274894228,0.06843177189409366,0.27186035235170514,0.24406548075888204,-0.002735691155326996,TRENDING,4,78.69,0.5880097149431267,-0.2787986313521899,-0.2735691155326996
FIVA,0.5649,1.0,1.0,False,0.6388888888888888,36,10,12,0.00413543551305251,0.04745214343488802,0.1195965417867435,0.34289664707915657,1.2948299739574884,0.022795359224358682,TRENDING,5,38.85,1.1162844500997608,1.723127563806852,2.2795359224358682
VOD,0.5642,1.0,1.0,True,0.6031746031746031,28,8,11,-0.047837483617300114,-0.040924092409241,0.007628294036061023,0.4472111553784861,-0.7452768230454082,-0.03948118261186718,BREAKDOWN,3,14.53,-2.7298423088366546,-3.0440723205490805,-3.948118261186718
VT,0.5633,1.0,1.0,False,0.6666666666666666,19,10,13,0.005141057772636515,0.024765773439035632,0.12081691150125384,0.25318484095825644,0.7976048758286337,0.0035976396297928664,TRENDING,4,156.41,0.5923967414606112,0.0670239244945091,0.3597639629792683
MMP,0.56,1.0,1.0,False,0.6150793650793651,26,9,12,0.007299270072992803,0.054723326199938915,0.14808652246256226,0.39478471801091564,1.366519932736811,0.03267292497767955,TRENDING,11,69.0,0.5440062172139133,2.649475772173405,3.267292497767977
ITRN,0.5595,0.6773,1.0,False,0.6309523809523809,18,10,14,-0.025869894099848634,0.1306409130816506,0.24980590062111796,0.7970974044097126,1.9764657837755106,0.0339765774246242,PULLBACK,1,64.39,-0.43809916503452956,1.4502648440196209,3.3976577424624317
CEF,0.5592,1.0,1.0,True,0.6071428571428571,25,9,8,0.009473197781885379,-0.06445396145610294,-0.06164089347079049,0.415289925494007,-1.0575448857322476,-0.06945607309155534,TRENDING,3,43.69,0.020349502709030732,-4.371345486382534,-6.945607309155534
ACWX,0.5591,1.0,1.0,False,0.6507936507936508,18,9,12,-0.0014447071184660043,0.034421768707483036,0.11057551855097869,0.28407363621009973,1.0469872263647382,0.006289107247990726,TRENDING,5,76.03,0.8102891995816004,0.3235981602030791,0.6289107247990726
DISV,0.5589,1.0,1.0,False,0.6468253968253969,28,8,12,0.0016714422158548015,0.008413461538461675,0.08174316658071179,0.29515282494597095,0.22756053803934667,-0.0037750990861147886,TRENDING,5,41.95,0.3401812528237723,-0.34614993043064746,-0.37750990861146205
CWI,0.5582,1.0,1.0,False,0.6507936507936508,19,8,13,0.007444168734491496,0.034131431482425034,0.10989611809732103,0.2803532008830023,1.0472624814511375,0.010158207213699935,TRENDING,5,40.6,1.3901606592857871,0.8290069655506904,1.0158207213699935
VYMI,0.5576,1.0,1.0,False,0.6547619047619048,46,10,13,0.001994017946161497,0.018856447688564426,0.07234314980793854,0.2660619803476947,0.5748616704502051,0.008013613112304772,TRENDING,5,100.5,0.7889282610149188,0.6600974883862982,0.8013613112304773
ACWI,0.5575,1.0,1.0,False,0.6587301587301587,19,10,14,-0.00012834499133673738,0.017368592882794687,0.1178791792222702,0.25400402414486933,0.5423778905023052,-0.002351439787685951,TRENDING,4,155.81,0.18933440027436074,-0.5071928336206768,-0.2351439787685951
GEM,0.5567,0.8736,1.0,True,0.6507936507936508,16,10,14,0.020511818714592733,0.07136997538966372,0.19160583941605824,0.45151430953042504,1.6447304284333675,0.023358867317850956,TRENDING,4,52.24,2.5341300649888834,1.8777511561820983,2.3358867317850955
SPDW,0.556,1.0,1.0,False,0.6468253968253969,15,10,12,0.008257963035784632,0.04461193725809731,0.12332968236582698,0.28360450563204,1.403896725845599,0.016702103658328114,TRENDING,5,51.28,1.571371979400508,1.2809660854353608,1.6702103658328256
CGDV,0.5549,1.0,1.0,False,0.6507936507936508,34,9,13,0.005390835579514919,0.025158562367864734,0.12401483541956426,0.2670499085445519,0.7764833537394531,0.00773966074487067,TRENDING,4,48.49,0.38875598086125335,0.38050925150083925,0.773966074487067
ICOW,0.5548,1.0,1.0,False,0.6468253968253969,23,10,7,-0.019968232357612914,-0.028127812781278183,0.023702299123014914,0.2785671995263468,-0.7035455965526829,-0.03360183942101462,BREAKDOWN,1,43.19,-1.156995372018522,-2.9946844351276534,-3.360183942101462
IXUS,0.5541,1.0,1.0,False,0.6468253968253969,18,9,10,-0.0023968320133387344,0.028580638229289912,0.10875608061153574,0.2760597174086912,0.8692739357506802,0.0026980171199480975,TRENDING,5,95.73,0.7377873395224913,0.07217952291824739,0.26980171199480973
SAMT,0.5541,1.0,1.0,False,0.6150793650793651,18,7,12,-0.009666080843585334,0.015544041450777257,0.13209442491210432,0.3710462287104621,0.3665672703508633,-0.005915899931564044,BREAKDOWN,1,45.08,-0.15749581651738262,-0.9697159893299914,-0.5915899931564045
JHEM,0.554,0.8758,1.0,True,0.6547619047619048,16,9,12,0.009176587301587213,0.06882059364328863,0.1705983889528193,0.425718290119131,1.6418329991013287,0.016689068100358348,TRENDING,5,40.69,1.767403084618583,1.2057182788312315,1.6689068100358528
CNEQ,0.5539,0.9496,1.0,True,0.6111111111111112,18,6,13,0.052265705458290235,0.067380517106294,0.2629789864029666,0.45289726270885167,1.553120342081192,0.02823853975084132,TRENDING,3,40.87,3.2099666096130637,1.8089725036179407,2.8238539750841687
EBAY,0.5538,1.0,1.0,False,0.6071428571428571,20,8,12,-0.015691998905209337,-0.055584733893557337,0.1890015428697378,0.39392764857881124,-1.039101581700657,-0.027495360973744772,BREAKDOWN,1,107.89,-0.6608898482817939,-2.669020800577367,-2.7495360973744774
RAAX,0.5531,1.0,1.0,False,0.6507936507936508,33,8,7,-0.004977600796416182,-0.04422663160411189,-0.0024950099800399306,0.26000630318310725,-1.1291940358867896,-0.03318823902203114,BREAKDOWN,2,39.98,-0.9087904824851301,-2.4900699170750955,-3.318823902203114
VEA,0.5521,1.0,1.0,False,0.6388888888888888,15,10,11,0.009676062263357155,0.043629511523409326,0.12219451371571077,0.2917115177610332,1.3435016470696786,0.017053176099250385,TRENDING,5,72.0,1.6869360533542543,1.3465959742879885,1.7053176099250384
IBKR,0.5505,0.664,0.9997,False,0.6150793650793651,23,7,14,0.07047168749296406,0.13948472139005386,0.4047865268134141,0.8272482705611068,2.0059750658852393,0.10031521825871846,TRENDING,5,95.09,6.432115807931951,9.595784967481698,10.031521825871828
SPLG,0.5505,1.0,1.0,False,0.6468253968253969,33,8,14,0.02109266943291832,0.018392918726290564,0.12523815572208807,0.2616063799487327,0.555957857517017,0.01297610598533238,TRENDING,1,88.59,1.387334689725332,0.9775399211888871,1.297610598533238
SMFG,0.55,0.7519,1.0,True,0.6349206349206349,20,10,9,0.030226700251889227,0.09602501116569884,0.255885363357216,0.642570281124498,1.8299916894694597,0.07801139117789621,TRENDING,12,24.54,3.3553278113154583,6.135310472659857,7.801139117789605
SCHF,0.5492,1.0,1.0,False,0.6349206349206349,19,10,14,0.009399855386840184,0.04608467590858001,0.12671509281678772,0.2919944470152709,1.4325415268832042,0.018644792793699533,TRENDING,5,27.92,1.6875075877139916,1.4376913894223355,1.8644792793699534
VTV,0.5484,0.9591,1.0,False,0.6666666666666666,19,10,7,0.004695927096894037,0.04350975468418006,0.09986257443884572,0.25066558629471003,1.5426272820787847,0.022072063255959676,TRENDING,5,216.09,0.5412698905052856,1.5156124864098106,2.2072063255959677
WELL,0.5483,1.0,1.0,False,0.6111111111111112,23,9,14,-0.019556652584610923,-0.05252293577981648,0.0022320345480131287,0.36004477513663,-1.1329646555675528,-0.020747573101231598,BREAKDOWN,1,206.55,-1.2683035643154066,-1.2554920663828544,-2.07475731012316
VOO,0.5482,1.0,1.0,False,0.6507936507936508,33,8,15,0.0046886749332821775,0.010109844498139564,0.12304903172641124,0.24039319195412756,0.3215577459982193,-0.004176123879748665,TRENDING,3,681.41,0.08306677981591169,-0.6725436434942599,-0.4176123879748499
BEP,0.5477,1.0,1.0,False,0.6150793650793651,26,8,11,-0.03222159412097236,0.005875440658049458,0.07436460621273921,0.3453831041257369,0.1403498111882713,-0.032862569397097426,BREAKDOWN,11,34.24,-2.9845107669059345,-4.394420880479726,-3.2862569397097428
RCI,0.5473,1.0,1.0,False,0.6111111111111112,19,6,13,-0.041526953830281266,0.041771797028314905,-0.03855109961190173,0.3557095950383071,1.131073319683454,-0.003587543457356329,BREAKDOWN,2,37.16,-2.4899411044375928,-1.5368309485956686,-0.3587543457356329
IVLU,0.5467,1.0,1.0,False,0.623015873015873,20,10,12,-0.01286850725315869,0.006200810875268248,0.07792539601430759,0.3176139912554652,0.1583539686552532,-0.007873696501840763,BREAKDOWN,1,42.19,-0.3333508320646854,-0.9989608125775191,-0.7873696501840597
XSOE,0.5448,0.8146,1.0,True,0.6547619047619048,19,10,10,0.01988400994200501,0.07746170678336983,0.20893690154677147,0.4742514970059881,1.7275361826035005,0.02612082408145977,TRENDING,5,49.24,2.706962083989981,2.062893578380097,2.612082408145977
VEU,0.5437,1.0,1.0,False,0.6309523809523809,15,10,12,0.010184519530314073,0.04382815401758089,0.12084551980856162,0.28189143986620047,1.383152433274994,0.015458287128754016,TRENDING,5,84.31,1.578313253012051,1.252423353406422,1.5458287128754016
DFIC,0.5432,1.0,1.0,False,0.6428571428571429,19,9,14,0.003955696202531556,0.020369874028410617,0.07938758151403458,0.24411764705882355,0.6570045609393458,0.004860333670097893,TRENDING,5,38.07,0.8862846711029947,0.4460247261031408,0.4860333670097893
DGRO,0.5424,1.0,1.0,False,0.6547619047619048,18,10,8,-0.005305743467303392,0.019717160728854877,0.07821710999281084,0.20523947283831556,0.7328485161474755,0.006423457652846371,PULLBACK,1,74.99,-0.442536619905291,0.04319901404602557,0.642345765284618
VXUS,0.5421,1.0,1.0,False,0.6309523809523809,15,10,11,0.009491445980782887,0.0404589371980677,0.1166558651976668,0.27535159141376764,1.2841679282810785,0.013266332473515977,TRENDING,5,86.15,1.490915754751569,1.0924228877961673,1.3266332473516147
LVHI,0.5411,1.0,1.0,False,0.6388888888888888,28,8,11,-0.004891171435558839,-0.015246853823814188,0.026488395560040345,0.24777675559644274,-0.4443937999317782,-0.005897170200756648,TRENDING,5,40.69,0.2793066622853768,-0.5643866222915436,-0.589717020075682
JCI,0.5404,0.9609,1.0,False,0.6111111111111112,30,8,14,-0.002708145267689699,0.06055235563432304,0.07782363977485929,0.38308936825885986,1.5406911347967394,0.017007176466853548,PULLBACK,1,143.62,-0.46587557656915013,1.737212095044062,1.7007176466853753
IDV,0.54,1.0,1.0,False,0.6309523809523809,33,9,11,-0.04228520017993709,-0.047853309481216466,0.013568198048083735,0.2672619047619047,-1.1661996033402087,-0.04018592792960857,BREAKDOWN,3,42.58,-2.269713353055199,-3.7180605355816154,-4.018592792960872
DFIS,0.5397,1.0,1.0,False,0.6388888888888888,28,8,15,0.005552470849527813,0.015134529147982079,0.08378216636744451,0.2421124828532235,0.4783940606159812,-0.0014165248557333272,TRENDING,4,36.22,0.7510431154380974,-0.07488274937925773,-0.14165248557333274
ARTY,0.539,0.469,1.0,False,0.6468253968253969,23,8,14,0.044006069802731584,0.18639285154412932,0.5096748454019551,0.9590991457416516,2.632295015392412,0.05980578211090031,TRENDING,3,75.68,3.362874833070294,3.6468930975113563,5.980578211090031
FGD,0.5364,1.0,1.0,False,0.6388888888888888,26,9,9,-0.017972893341190344,-0.005964807634953884,0.04910292728989618,0.22898230088495564,-0.18490953255252343,-0.010037178528631525,BREAKDOWN,1,33.33,-0.6688963210702328,-1.0783537791848146,-1.0037178528631525
RECS,0.5357,1.0,1.0,False,0.6428571428571429,23,7,13,0.00023234200743482702,0.01461230261607338,0.09821428571428559,0.21438645980253868,0.5083248499163939,-0.0023892475867801446,BREAKDOWN,1,43.05,-0.33696882395309313,-0.6440197382158629,-0.23892475867801446
NVS,0.5353,1.0,1.0,False,0.6150793650793651,38,8,11,-0.01975051975051967,0.0029247540547725492,0.018152371954922808,0.2961085817369642,0.08223007117509448,0.011889151756084024,TRENDING,7,150.88,0.35028599299426394,0.8251260918680728,1.1889151756084024
FEP,0.5342,1.0,1.0,False,0.626984126984127,20,8,15,-0.010968612892338858,0.014891774891774956,0.08738404452690163,0.25583886865223904,0.44907925281757266,-0.005045922578454816,BREAKDOWN,1,58.61,-0.0568407889501474,-0.5799723745749203,-0.5045922578454696
AVDE,0.5341,1.0,1.0,False,0.6349206349206349,16,9,13,0.00704304080491891,0.010205225972860887,0.07238095238095243,0.2316106097894448,0.3286124098155523,-0.004037500333598948,TRENDING,4,90.08,0.7744036594612634,-0.3082955210194265,-0.40375003335989484
FENI,0.5338,1.0,1.0,False,0.6309523809523809,15,10,13,0.007470119521912455,0.033725089422585564,0.08239700374531833,0.24224746699416633,1.1537318731014665,0.013168233902373885,TRENDING,5,40.46,1.3442431326709583,1.064576369973002,1.3168233902373885
FNDE,0.5324,1.0,1.0,False,0.626984126984127,26,9,10,-0.0019641541861035172,0.015742128935532174,0.07539682539682535,0.24846437346437322,0.4958142125602558,-0.0068242133198533955,TRENDING,4,40.65,0.1615287740239819,-0.5591473003669385,-0.6824213319853395
SPEM,0.532,1.0,1.0,False,0.626984126984127,17,8,15,0.012388695315524556,0.03749256099980158,0.11490087401406957,0.24701955174058177,1.2715069829343,0.007519696023595329,TRENDING,4,52.3,1.2541140533912671,0.7457552491813029,0.7519696023595192
PIZ,0.5313,1.0,1.0,False,0.623015873015873,19,8,14,0.02178649237472774,0.028508771929824706,0.1351351351351351,0.2562500000000001,0.8727247364279797,-0.00583541450935011,TRENDING,4,56.28,2.4348810872027107,0.24172412915701966,-0.5835414509350111
HFXI,0.5296,0.9007,1.0,False,0.6507936507936508,15,10,11,0.01327668613913957,0.05239933811362385,0.1340267459138187,0.3050615595075239,1.6102693486648678,0.024306262611303156,TRENDING,5,38.16,1.9382030809415067,1.8634803610016433,2.4306262611303158
DIVI,0.5293,1.0,1.0,False,0.626984126984127,15,10,13,0.008800370541917513,0.03492516037063442,0.09805898663977808,0.23609534619750283,1.2124220130098085,0.014821777167232918,TRENDING,5,43.56,1.4071391619244746,1.2552301255230274,1.4821777167233086
BBCA,0.5292,1.0,1.0,False,0.6190476190476191,22,8,15,-0.0008933889219772118,0.018930957683741756,0.08260729267505651,0.25954198473282464,0.597717002222903,0.0033929418559082627,DIP,1,100.65,-0.0011039233435526064,-0.02459594072378065,0.33929418559082625
XCEM,0.5292,0.6608,1.0,False,0.6587301587301587,28,9,10,0.02403566582671046,0.10801174496644284,0.2733188720173534,0.6155963302752292,2.0133608677218993,0.040094771929586326,TRENDING,5,52.83,3.1455409245721047,2.983412080312642,4.009477192958633
PXH,0.5289,1.0,1.0,False,0.623015873015873,25,9,13,0.000694444444444331,0.016220028208744797,0.07980517047583358,0.2465397923875432,0.5141436800837543,-0.005023809523809489,TRENDING,4,28.82,0.37537247010564284,-0.3474223239425128,-0.5023809523809488
RY,0.5289,0.7362,1.0,False,0.6388888888888888,29,8,9,0.00717619310483264,0.09355418732632259,0.25179317657331746,0.5680912571294632,1.8582964012541998,0.05524904950893566,TRENDING,24,200.7,1.2176602767053042,3.875074861921345,5.524904950893566
VWO,0.527,1.0,1.0,False,0.623015873015873,17,8,13,0.012013536379018586,0.0335234145498533,0.10738752082947611,0.23881524440762214,1.147820550786297,0.004854847025971819,TRENDING,4,59.81,1.184232786330575,0.5805759313238728,0.4854847025971819
AVES,0.5264,0.9387,1.0,False,0.6388888888888888,26,9,12,0.01020867737576947,0.04845746338423185,0.10820158102766819,0.2746732335669635,1.565273457191707,0.008584866652884226,TRENDING,5,67.29,1.714813570708783,0.8118655071305954,0.8584866652884225
SCHE,0.5263,1.0,1.0,False,0.623015873015873,18,8,14,0.012259682362775193,0.03563283922462945,0.10291438979963563,0.2361347397073834,1.234315228163856,0.005487583745299834,TRENDING,4,36.33,1.2009037729425136,0.6557074251939359,0.5487583745299834
VOOV,0.5263,1.0,1.0,False,0.6388888888888888,32,9,15,-0.002005652292825233,0.01015041063024813,0.07603086450090912,0.1885993485342019,0.3859983112309739,0.0009663998688344571,DIP,1,218.94,-0.2596692633592972,-0.25058089206798095,0.09663998688344572
VSS,0.526,1.0,1.0,False,0.6309523809523809,19,7,14,0.005607238435070716,0.0136810328216328,0.07984946972288731,0.2112978739734439,0.4656051954349225,-0.006550957681421248,TRENDING,5,157.82,0.9373290031907457,-0.2735224821036961,-0.6550957681421248
DFAI,0.5244,1.0,1.0,False,0.623015873015873,15,10,14,0.004801920768307433,0.02422907488986792,0.0797213622291022,0.2283533900792487,0.8378466276493909,0.008450493568650986,TRENDING,5,41.85,0.9947980908457223,0.7335663934896128,0.8450493568650985
RODM,0.5241,1.0,1.0,False,0.626984126984127,28,9,12,-0.008683068017366069,0.00024336821611092851,0.05168884339815771,0.2152572442341809,0.008141745989963098,-0.002318631923459907,TRENDING,5,41.1,0.09470978216750717,-0.24848309737069046,-0.23186319234599068
DGS,0.523,1.0,1.0,False,0.626984126984127,28,8,15,0.0039907904834994845,0.038583677357891366,0.08492287278155586,0.21084783413550534,1.4629211444217283,0.00842618976736268,TRENDING,5,65.41,1.358471074380163,0.6705949606437894,0.842618976736268
IDEV,0.522,1.0,1.0,False,0.626984126984127,15,9,14,-0.008443506277080348,0.014319809069212486,0.07543077479214366,0.2068965517241379,0.5107960572409345,-0.0023974067921385105,TRENDING,5,89.25,0.12090541955426132,-0.39909446475640453,-0.23974067921388276
IYM,0.522,0.9005,1.0,False,0.623015873015873,19,9,15,0.012013637101574659,0.06080889443530535,0.12022283455133587,0.3581959474181131,1.6105463658483847,0.015447152949282747,TRENDING,5,187.01,1.3348023986706035,1.610624689518121,1.5447152949282748
STLD,0.5216,0.4375,1.0,False,0.6150793650793651,33,10,11,-0.033697013056698366,0.2093387652773424,0.6121389353067557,1.028612195854611,2.785842971298002,0.06475284612958994,PULLBACK,1,270.13,-0.8802328805101252,3.3116671432135973,6.4752846129589825
IJAN,0.5206,1.0,1.0,False,0.6507936507936508,19,10,13,0.003168735146554136,0.01768015001339407,0.050899031811894924,0.12998215348007158,0.8673785622500582,0.00797811507882045,TRENDING,5,37.99,0.6298378314742369,0.6306840399096932,0.7978115078820449
INTF,0.5203,1.0,1.0,False,0.6150793650793651,18,9,15,-0.013445378151260345,0.009334315892901124,0.06368107688325142,0.23616125150421174,0.2989558234715294,-0.004552821078308353,BREAKDOWN,1,41.09,-0.16198266785453036,-0.5497545121360766,-0.45528210783083534
ASEA,0.5197,1.0,1.0,False,0.6150793650793651,33,9,11,0.030823648307225948,0.025125628140703515,0.05263157894736836,0.23337363966142677,0.8792085209677258,0.024752732500736053,TRENDING,4,20.4,2.5125628140703333,2.3118074130683834,2.4752732500736054
FIDI,0.5187,1.0,1.0,False,0.626984126984127,20,8,13,-0.020760028149190868,-0.01591230551626599,0.014212827988338006,0.19390819390819392,-0.5372689663588526,-0.01118598382749323,BREAKDOWN,1,27.83,-0.8078887964833072,-1.1133483358995717,-1.118598382749323
VDE,0.5178,1.0,1.0,False,0.6111111111111112,48,6,13,-0.04233395406579765,-0.10949494949494953,-0.08106498302459941,0.23790419642140748,-2.4779076534577187,-0.05490647542801617,BREAKDOWN,5,154.28,-3.7661311561759363,-5.320373823036055,-5.490647542801617
BINV,0.5173,1.0,1.0,False,0.623015873015873,26,9,12,-0.0016366612111292644,0.003525264394829808,0.05276134122287979,0.20011242270938734,0.1248184315663835,-0.0018056652747996625,TRENDING,5,42.7,0.005204538357448507,-0.19033626072729207,-0.18056652747996627
CGGE,0.5171,1.0,1.0,False,0.6150793650793651,14,10,15,0.009961910342806801,0.03762793497892836,0.11481241914618368,0.223207948899929,1.3885934527927113,0.012950296397628798,TRENDING,5,34.47,1.1938545845973176,0.8934295988626559,1.2950296397628798
IFV,0.5166,1.0,1.0,False,0.6071428571428571,20,8,15,0.006904069767441845,0.021378547733136744,0.10310509554140124,0.24483378256963162,0.6862007705130514,-0.0033610318739922063,TRENDING,4,27.71,0.9349198640116599,-0.05496109784793444,-0.33610318739923334
GSEU,0.5162,1.0,1.0,False,0.6309523809523809,24,10,15,-0.0008136696501220841,0.03432301537165716,0.09204090706980872,0.17203531376759718,1.4983999504254373,0.013857552615283831,TRENDING,5,49.12,0.8141205445713928,0.9522504624237812,1.385755261528383
LFSC,0.5158,0.6391,1.0,False,0.626984126984127,16,8,12,0.025679758308157163,0.11800219538968171,0.20141551164848148,0.687655343827672,2.0648090306533,0.05430078260947165,TRENDING,7,40.74,3.2583288743698735,4.818612856985334,5.430078260947185
BKIE,0.5145,1.0,1.0,False,0.6190476190476191,15,10,12,0.005394605394605456,0.031887624320721786,0.08436590884602957,0.20095465393794765,1.2514480627912694,0.012900023946775559,TRENDING,5,100.64,1.1389521640091038,1.05142365344619,1.2900023946775703
XLE,0.5137,1.0,1.0,False,0.6071428571428571,41,6,15,-0.04289215686274506,-0.10801109479523574,-0.07900943396226412,0.23325062034739452,-2.493074989704813,-0.05319765185039207,BREAKDOWN,5,54.67,-3.8797397878450393,-5.3060046189376315,-5.3197651850392065
VONG,0.5135,1.0,1.0,False,0.6190476190476191,23,6,15,0.002238746302070771,-0.010733170231236655,0.11750022287599182,0.1970015278838808,-0.35765228737622307,-0.020734782280745243,BREAKDOWN,1,125.35,-0.3893833439287944,-2.1882106389619524,-2.0734782280745243
IWF,0.5134,1.0,1.0,False,0.6190476190476191,23,6,15,0.00024677140741968806,-0.011944421873730349,0.11703104905383066,0.19637937819756002,-0.39697332468417396,-0.022063472695204686,BREAKDOWN,1,121.6,-0.49733150281396243,-2.3158667860175854,-2.2063472695204687
AMG,0.513,0.3896,0.9791,False,0.6547619047619048,22,9,12,0.03293352307379549,0.2060698541878605,0.276312484300427,0.9506937969615532,3.067017138751945,0.12132383317171186,TRENDING,12,355.67,2.730797127030688,9.862691309176236,12.132383317171186
BMO,0.5102,0.6608,1.0,False,0.6388888888888888,22,9,9,0.019447779111644747,0.10214146658014278,0.24315619967793878,0.5990961303078808,2.013272408904656,0.05725276046228072,TRENDING,22,169.84,1.8191507077435567,3.736279077884244,5.725276046228091
GSIE,0.51,1.0,1.0,False,0.6190476190476191,15,10,14,0.006094906399651823,0.028024911032028532,0.07463380609160652,0.1827021494370522,1.1551999035793592,0.012425128216748644,TRENDING,5,46.22,1.2042916575432387,1.0883489382088412,1.2425128216748487
EQAL,0.508,1.0,1.0,False,0.6071428571428571,17,8,12,-0.010851135978297566,0.025848426235273614,0.05745876382091719,0.21062461091512774,0.9554485606242421,0.0009465999313715983,DIP,1,58.34,-0.6151691241884312,-0.4315494331342113,0.09465999313715984
IPKW,0.5079,1.0,1.0,False,0.6150793650793651,28,8,11,-0.007241379310344853,-0.01522148110141952,0.022917036773849597,0.1864825880898413,-0.5216026945411748,-0.014192436210784946,BREAKDOWN,1,57.58,-0.06556618327676435,-1.1615265777879666,-1.4192436210784827
FNDC,0.5074,1.0,1.0,False,0.6031746031746031,20,7,14,0.003432956381260066,0.01284141867101507,0.07951336085161853,0.21998526884360436,0.4348609485177874,-0.0010883278570339157,TRENDING,5,49.69,0.904783393501795,0.14395531626982574,-0.10883278570339157
VIG,0.5052,1.0,1.0,False,0.6150793650793651,22,9,14,0.0005544182872740944,0.022310340319839694,0.09085414051239149,0.17575423473990193,0.926241992185062,0.008720701807447861,TRENDING,5,234.61,0.02605474338447241,0.2966060290213756,0.8720701807447861
FID,0.5049,1.0,1.0,False,0.623015873015873,24,9,12,-0.007216959855660843,0.00045454545454548523,0.05109837631327596,0.1505488761108209,0.019151833089723576,-0.00701617921593017,BREAKDOWN,1,22.01,-0.5172760144636406,-0.925985467172532,-0.7016179215930329
VGK,0.5033,1.0,1.0,False,0.6150793650793651,26,10,15,-0.0025709814442207435,0.03263511167688926,0.0877727660611971,0.16808482785704948,1.4340376193450401,0.011326108281972641,TRENDING,5,89.23,0.7097979709308955,0.722429168077678,1.1326108281972478
APIE,0.5014,1.0,1.0,False,0.6031746031746031,14,9,15,0.002608922515001444,0.028089887640449396,0.09393680614859079,0.196078431372549,1.1225092985045775,0.007485151737043353,TRENDING,5,38.43,0.7251441551633682,0.5294102992102542,0.7485151737043353
DIHP,0.5007,1.0,1.0,False,0.6071428571428571,15,10,11,-0.0017416545718432763,0.025037257824143122,0.06801242236024829,0.1813809687392649,1.0262516260504695,0.008830848287442475,TRENDING,5,34.39,0.8143057229406232,0.7716350849775199,0.8830848287442474
EWM,0.4987,1.0,1.0,False,0.6071428571428571,27,7,15,-0.016737891737891752,-0.057679180887372006,-0.06470189701897022,0.17339566510837212,-1.7546516212496617,-0.04403214059720382,BREAKDOWN,1,27.61,-0.8498922671774052,-2.874516307352133,-4.403214059720393
JIRE,0.4977,0.9508,1.0,False,0.623015873015873,15,9,15,0.006998158379373676,0.03730871379790068,0.08837579617834401,0.19076655052264813,1.551758062359656,0.016878286520456618,TRENDING,5,82.02,1.3663265726487497,1.3963619238240932,1.6878286520456618
CORS,0.4955,1.0,1.0,False,0.6388888888888888,14,11,13,0.0007239382239383474,0.005577109602327823,0.011463414634146352,0.06551901336073995,0.3617027454021372,0.003219967132977945,TRENDING,6,10.3675,0.09117970447048437,0.18175752625706917,0.3219967132977945
EWL,0.4931,1.0,1.0,False,0.6071428571428571,27,8,13,-0.022571928151327247,-0.0019477357571822118,0.06864789711505037,0.15106701609883944,-0.07983485760769321,-0.0068227640827419715,BREAKDOWN,1,61.49,-0.31881551929102725,-0.8994558752427005,-0.6822764082741971
CGNG,0.4928,0.7947,1.0,False,0.6428571428571429,14,9,12,0.01708459630752257,0.060327492099971014,0.1614222781623662,0.33009009009009005,1.7584117415627734,0.019642397858578537,TRENDING,5,36.91,2.3035939761633517,1.6964496575611985,1.9642397858578537
M,0.4882,0.3074,0.9808,False,0.6071428571428571,22,8,12,-0.04592651757188493,0.2540682414698163,0.32354570637119107,1.1085613415710505,3.753366396925573,0.11954817962930042,TRENDING,21,23.89,0.622426057656301,6.915437729093848,11.954817962930042
MFG,0.4873,0.4322,0.9977,False,0.626984126984127,30,11,10,0.06512605042016828,0.1668584579976986,0.30670103092783507,0.8639705882352942,2.8138908033429955,0.10233918128654981,TRENDING,5,10.14,5.126137541757891,8.135283363802564,10.233918128654981
QQQJ,0.4854,0.6891,1.0,False,0.6547619047619048,30,9,12,-0.004525910839556335,0.0760763209393347,0.18189145620634073,0.4126525369299936,1.9512094714167838,0.014795841254941811,TRENDING,3,43.99,0.14417969342843961,0.015157256536569252,1.479584125494181
BIL,0.482,1.0,1.0,False,0.6428571428571429,22,6,11,0.0005465675557498884,-0.00021845985800106327,-0.0001092418614814239,-0.0007641921397378848,-0.02199881600258556,0.00024116997584525018,TRENDING,6,91.53,0.04615066979195709,0.017171401810813378,0.024116997584556085
VSGX,0.479,0.8075,1.0,False,0.6309523809523809,15,10,10,0.011385896180215349,0.054505999489405044,0.14402437335549112,0.29280125195618156,1.7383850011843909,0.02064561206187711,TRENDING,5,82.61,1.7684821440792948,1.5613474305384754,2.0645612061877108
DCI,0.4774,0.8937,1.0,False,0.6031746031746031,19,8,14,-0.00046843892727488345,0.04659717964438981,0.014863258026159398,0.24890254609306384,1.6189081787032458,0.012981751063054651,TRENDING,5,85.35,0.057313308410720305,1.3251098133878958,1.2981751063054652
RSP,0.4753,0.921,1.0,False,0.6111111111111112,18,10,10,-0.0036233611442192393,0.036553913302251884,0.08105731429753793,0.17847073418292547,1.5857528083730617,0.009906253020199146,PULLBACK,1,208.99,-0.3016007632778422,0.31795157810042324,0.9906253020199146
IDMO,0.4736,0.8734,1.0,False,0.6150793650793651,18,9,15,0.03304524656837837,0.04490915323962974,0.10434782608695659,0.22631261315630646,1.6450033214516202,0.020309929876201345,TRENDING,5,60.96,3.0696975389817642,2.2859654029003917,2.03099298762011
BNS,0.4711,0.5146,1.0,False,0.6587301587301587,24,11,9,0.04450356754141982,0.11776886243043894,0.2564736688972944,0.587683823529412,2.4432425210918955,0.07809614813475704,TRENDING,12,86.37,3.92668057115354,6.366371297376862,7.809614813475704
TOUS,0.4706,0.898,1.0,False,0.6031746031746031,14,10,14,0.005009227524386928,0.041814703470893555,0.10588917899622863,0.21556122448979576,1.6135397679224386,0.016841892252361407,TRENDING,5,38.12,1.179662616491679,1.1651712372046046,1.6841892252361408
BBVA,0.4688,0.5168,1.0,False,0.6349206349206349,27,10,8,0.05701943844492452,0.13129912159038382,0.16857688634192924,0.6467025572005383,2.4348415600440334,0.07794081905456304,TRENDING,5,24.47,5.717165898617516,6.448605874798018,7.794081905456304
SVXY,0.4638,0.6736,1.0,False,0.6428571428571429,33,8,14,0.03639417693169089,0.07262893567703288,0.17077798861480087,0.38375280338898565,1.9846474979363167,0.03862674784582845,TRENDING,4,55.53,1.5792682926829333,2.3091567892894505,3.862674784582845
DEM,0.462,0.7864,1.0,False,0.6388888888888888,22,8,13,-0.0003618599601954431,0.04798937784522006,0.11571082390953147,0.23051224944320725,1.7715788711977116,0.011470380283824083,TRENDING,5,55.25,0.63548602537896,0.6191950464396218,1.1470380283824082
PFG,0.4617,0.6088,1.0,False,0.6468253968253969,27,10,14,0.0048317987054427025,0.08977654736009488,0.28311990686845157,0.45408970976253293,2.14252919997845,0.057199745984706105,TRENDING,10,110.22,1.3351584926091227,4.367469879518065,5.7199745984706105
VTIP,0.4587,1.0,1.0,False,0.6111111111111112,26,7,14,-0.005360333531864159,-0.003976143141153021,0.0022004400880175634,0.001599360255897686,-0.37383436641352275,-0.00506063864027002,BREAKDOWN,2,50.1,-0.4152126860727007,-0.47110909297310877,-0.506063864027002
HEFA,0.4586,0.8488,1.0,False,0.6031746031746031,21,10,14,0.012415595730777662,0.04543409806567689,0.11036789297658856,0.23649906890130334,1.6781342583834378,0.02594704033246311,TRENDING,5,46.48,1.709256242553911,2.020381499869341,2.5947040332462947
R,0.4535,0.4304,1.0,False,0.6150793650793651,19,8,13,-0.05079546265249324,0.16603128697252534,0.38255312516236306,0.7662285941855835,2.8232061390532097,0.05646268654673108,PULLBACK,1,266.1,-2.7262166838612196,2.6759957813194806,5.646268654673108
EWO,0.4444,0.5551,1.0,False,0.626984126984127,37,10,13,0.03302796528447449,0.10552115583075339,0.2316757688991089,0.519503546099291,2.3015512964913296,0.059440887350481295,TRENDING,5,42.85,3.7949132014533795,5.033090938802193,5.94408873504813
TX,0.4402,0.487,1.0,False,0.6309523809523809,22,10,12,-0.02304052664060885,0.12562218535197922,0.2533650039588282,0.5861723446893787,2.5533166202044537,0.0046761015465422665,DIP,1,47.49,-1.8779127160862132,-1.3346128732266054,0.4676101546542267
DIA,0.4383,0.8025,1.0,False,0.6031746031746031,19,11,11,0.013624941102559962,0.045184015547188094,0.11981087060252449,0.22025005317766055,1.746033131271194,0.02076684830813001,TRENDING,4,516.3,0.8645783362673333,1.4177703487039606,2.076684830813001
GVAL,0.4334,0.6193,1.0,False,0.623015873015873,30,11,14,0.03687274743554192,0.07998844932139759,0.1433812289819627,0.39760837070254107,2.1148056282106946,0.04797333204502629,TRENDING,5,37.4,3.3244313472695457,4.295863488480163,4.797333204502629
MS,0.42,0.3349,0.9992,False,0.626984126984127,17,10,12,0.05849713157152259,0.1873615360270069,0.41974140649637315,0.7303405334768236,3.4860594596961723,0.10083744523553363,TRENDING,5,225.1,4.877076549549885,7.675381650699058,10.083744523553364
CGGO,0.3996,0.5068,1.0,False,0.6507936507936508,15,10,15,0.023244312561820024,0.07985386221294366,0.2008125362739408,0.33656330749354013,2.473264880064763,0.031858087482910115,TRENDING,5,41.38,2.5187876785861913,2.4040161210492914,3.1858087482910116
MFC,0.3918,0.6069,1.0,False,0.6031746031746031,18,7,12,0.0150791656195024,0.06795346377577993,0.19109407254497213,0.3079663212435233,2.147842387999863,0.03520168275179406,TRENDING,10,40.39,1.5220912696196318,3.6007866033149636,3.5201682751794063
JOUT,0.3883,0.4601,1.0,False,0.6111111111111112,27,10,13,-0.03703703703703709,0.11574301128003928,0.04645814167433304,0.4758352254297762,2.673600254432491,0.01588303679352045,PULLBACK,2,45.5,-1.3395653640437466,1.27293347041304,1.588303679352045
PH,0.3653,0.4296,1.0,False,0.6031746031746031,20,9,12,0.04831720912707649,0.10956413624847539,0.051066099265563825,0.4504070774750464,2.8278828316737,0.07963728640929932,TRENDING,10,945.97,4.388655925844183,7.939035820530591,7.963728640929918
CGXU,0.3628,0.4065,1.0,False,0.6468253968253969,14,8,13,0.02367889113485422,0.09346082665021593,0.20783645655877336,0.3417865253595762,2.960003644328346,0.038696640565799495,TRENDING,5,35.45,2.704007725736349,2.7876729351338083,3.8696640565799494
IDHQ,0.3497,0.4077,1.0,False,0.6349206349206349,16,10,13,0.018589132507149664,0.09002805406783976,0.18426156830146856,0.32321981424148616,2.9527340173823933,0.045190450892593534,TRENDING,5,42.74,3.45328384702276,3.8603068805110192,4.519045089259353
REZI,0.3486,0.3689,1.0,False,0.6071428571428571,32,6,15,-0.02438241899262117,0.13512504665920133,-0.09601664684898936,0.45641762452107293,3.2105268254939947,-0.029471645371807114,PULLBACK,1,30.41,-2.02963917525774,0.14584117425666648,-2.9471645371807114
KBWB,0.3438,0.3607,1.0,False,0.6190476190476191,24,8,11,0.023942888522789696,0.11532479961717912,0.21440666927185115,0.413003940588057,3.272385938828058,0.06481849796580685,TRENDING,20,93.23,2.195995323004982,5.080588459453509,6.481849796580685
APH,0.3395,0.1153,0.9492,False,0.626984126984127,18,10,10,0.05673619309982958,0.3515939597315436,0.2331419823957137,0.7360991379310347,9.172641435646078,0.15347051634963155,TRENDING,7,161.11,5.802388961451192,11.476074213923535,15.347051634963178
EWN,0.3264,0.3837,1.0,False,0.6111111111111112,23,8,14,0.0018643338591710634,0.09549945115257952,0.20158238734090128,0.33498948977641896,3.106431800261034,0.046332305562872246,TRENDING,5,69.86,2.279049338734065,3.5393920573642554,4.6332305562872245
NUDM,0.3231,0.523,1.0,False,0.6031746031746031,15,8,13,0.008388408744280484,0.04753102719831004,0.10011092623405426,0.1508558166521614,2.4120801936350786,0.020608587650816263,TRENDING,5,39.67,1.5790372140662354,1.752735978112185,2.060858765081626
